indoor_temperature,outdoor_temperature,humidity,occupancy,hvac_power_kw
19.14,18.97,33.86,14,4.0
20.71,13.89,38.69,25,8.38
21.38,20.18,35.58,2,3.23
24.83,27.18,39.52,19,7.82
22.83,13.13,42.86,39,11.9
20.0,13.13,53.37,38,9.64
22.73,27.63,41.79,71,9.78
19.68,21.14,29.14,17,4.33
23.62,11.24,56.4,40,11.21
21.29,19.34,36.63,69,7.78
21.86,11.29,44.41,26,10.63
23.99,11.27,49.47,14,9.67
20.07,16.94,47.0,36,6.8
19.9,-0.31,55.94,57,15.95
21.12,1.2,49.79,4,14.2
23.56,10.5,36.39,72,13.55
19.72,6.9,66.79,6,11.72
17.75,17.51,46.94,40,6.27
21.32,7.74,43.53,9,8.9
22.83,3.7,54.64,61,17.26
23.8,26.73,47.49,25,7.84
21.31,13.19,48.99,67,11.05
21.38,15.54,69.92,23,8.36
23.73,3.6,42.25,77,18.46
19.2,10.64,41.82,40,10.39
21.42,15.89,46.17,64,10.11
22.29,5.79,55.72,16,13.44
22.67,18.01,29.93,23,6.86
21.24,10.19,25.34,26,9.44
22.05,12.67,39.13,6,6.11
18.27,10.19,28.66,72,10.0
21.01,29.82,40.75,11,8.6
22.68,14.89,50.02,2,7.3
20.53,6.54,36.09,78,16.36
22.09,21.58,30.73,9,5.68
22.67,5.23,45.69,32,13.48
21.49,16.67,53.63,45,10.26
22.26,-0.68,28.05,58,17.13
20.56,4.37,53.2,51,14.47
21.69,16.57,53.17,5,6.24
22.92,20.91,54.54,1,6.69
22.24,16.37,57.18,28,6.92
21.12,14.07,67.02,39,9.98
22.34,12.59,41.44,60,11.37
23.07,3.17,46.1,67,16.98
18.93,9.24,40.84,67,12.25
23.74,11.31,45.02,28,11.31
21.5,23.46,60.33,61,10.67
22.64,17.75,31.55,59,12.09
23.8,0.9,36.39,40,17.44
19.94,17.59,58.77,64,8.24
20.94,11.92,55.2,63,12.09
21.57,9.58,41.37,78,14.79
20.82,19.89,53.54,62,8.07
24.6,23.25,48.41,47,7.29
20.71,22.45,60.0,19,5.93
21.17,8.29,45.75,36,12.93
22.31,12.53,55.26,63,13.28
20.2,17.65,71.42,4,4.77
21.41,22.8,50.98,33,7.42
22.48,11.17,45.49,38,13.5
21.5,13.51,52.22,66,10.18
21.86,6.15,41.35,61,14.44
21.21,5.43,68.88,23,12.13
19.73,21.5,46.8,2,4.74
22.48,25.85,42.27,70,7.86
24.63,14.42,36.64,66,14.4
22.03,23.03,55.97,78,9.81
22.34,17.89,53.67,49,9.59
23.04,9.84,40.03,28,11.72
20.1,17.89,50.76,73,9.24
24.55,27.3,29.91,31,7.69
22.3,14.71,46.85,38,9.78
24.45,27.52,49.53,8,3.18
20.9,-5.96,62.07,13,16.8
24.73,21.58,37.29,67,9.33
23.16,15.7,32.22,63,12.09
22.83,12.61,36.05,19,12.71
22.35,15.73,31.63,27,8.8
21.63,-0.9,58.37,13,17.47
23.8,13.24,60.49,43,10.85
22.21,17.86,48.2,76,10.26
19.05,26.82,57.21,38,9.72
20.32,10.85,46.34,27,10.36
21.72,8.53,44.05,63,13.24
22.46,10.99,41.67,31,9.03
21.92,22.32,41.9,8,4.4
23.83,17.63,29.52,27,6.75
19.07,10.76,47.64,16,9.91
22.22,19.11,44.6,76,11.16
19.27,15.78,52.45,54,8.23
23.14,22.75,45.94,9,5.04
21.86,9.38,43.37,79,14.14
22.63,12.38,36.29,5,8.44
20.7,11.86,45.72,47,10.9
23.92,3.29,52.38,74,17.85
23.56,17.37,33.57,66,11.91
22.88,17.09,45.87,40,7.75
21.81,15.04,47.33,78,12.86
22.87,13.12,37.82,59,12.45
20.94,3.68,39.12,76,14.99
23.28,11.63,47.31,41,10.87
24.47,12.26,33.67,70,12.59
23.61,8.58,48.5,27,11.94
20.91,13.71,36.05,12,7.68
22.54,18.23,55.63,14,5.64
20.06,30.09,68.38,35,12.15
22.86,16.4,36.39,14,8.7
22.68,17.06,50.34,74,12.94
19.2,14.4,37.73,55,6.31
20.26,-0.35,55.41,3,15.65
21.58,14.79,32.35,51,10.31
21.55,15.48,49.81,9,7.16
20.19,34.71,36.27,44,13.04
22.58,13.46,42.93,28,8.12
22.38,17.41,34.69,52,9.83
21.71,14.72,53.22,28,10.84
20.87,5.65,36.63,22,12.12
23.57,24.14,50.52,56,6.6
24.48,21.02,41.56,49,6.78
21.27,21.33,43.86,20,4.73
21.08,7.72,46.48,42,11.75
22.74,26.22,37.38,9,6.6
21.46,3.79,47.1,75,18.56
21.79,19.69,60.3,29,7.44
23.11,32.52,37.22,50,11.19
19.14,7.08,56.72,32,11.36
23.98,10.47,59.98,17,11.25
22.11,15.8,36.84,77,10.39
21.38,10.97,30.45,21,10.33
21.87,2.59,48.02,63,15.51
21.94,15.55,39.53,20,9.21
19.4,6.5,63.69,0,9.33
24.24,18.79,45.35,14,8.11
22.06,7.64,36.98,35,10.72
22.66,27.4,33.53,46,9.84
23.43,8.73,55.9,53,15.8
20.47,12.42,39.29,31,7.84
22.71,21.51,45.44,57,8.08
21.6,5.15,54.56,45,14.77
23.27,16.82,40.16,53,10.68
18.81,25.46,44.54,32,8.49
21.85,2.14,44.83,38,14.58
21.1,16.48,51.83,22,7.7
22.65,17.08,50.91,42,9.63
22.71,21.25,42.8,54,7.32
20.94,5.1,45.64,1,9.89
20.93,4.44,41.28,65,17.05
21.83,19.18,30.22,37,7.37
20.66,17.38,47.58,28,4.42
23.26,17.0,63.92,66,12.86
21.45,17.77,36.16,70,9.38
17.64,9.56,37.27,35,9.73
21.44,16.86,36.29,28,8.02
20.44,17.34,52.25,36,5.92
19.55,9.29,49.48,44,11.1
20.14,29.93,43.41,15,10.68
22.16,18.79,35.82,30,8.46
23.99,5.47,45.92,33,13.99
22.47,20.25,29.35,49,8.73
21.09,7.2,46.43,64,15.44
22.68,21.3,53.72,61,9.66
21.31,24.27,32.49,42,6.38
20.96,8.43,29.67,55,14.9
20.27,22.71,60.79,14,5.43
19.37,18.3,38.88,47,7.49
21.42,21.58,56.36,48,6.86
22.24,30.17,43.46,43,10.51
21.86,13.04,43.38,9,7.21
21.38,8.97,49.38,19,10.38
20.58,7.88,36.16,69,14.31
22.91,8.47,46.32,7,12.15
20.02,14.38,41.19,44,10.56
23.16,17.73,31.8,33,9.62
20.5,17.21,48.37,50,9.75
20.87,21.62,42.37,3,6.4
19.8,15.1,43.43,38,8.08
21.25,26.63,32.9,23,7.34
23.46,12.88,60.91,54,12.22
22.77,36.76,53.77,25,11.78
23.47,20.01,54.64,24,5.33
22.78,8.14,41.95,35,12.99
20.34,6.43,27.71,70,15.17
21.5,18.86,64.53,73,9.96
20.83,13.21,44.39,57,8.97
24.0,20.71,37.51,11,5.84
20.2,18.79,49.17,0,2.82
23.34,14.42,56.67,49,11.81
23.34,8.23,44.77,24,12.3
24.74,2.88,57.79,79,19.5
21.39,11.43,55.83,4,7.33
23.07,21.85,34.24,67,10.27
25.42,16.71,38.26,5,8.05
21.07,5.03,54.58,25,11.69
19.7,16.39,17.87,54,9.23
19.18,18.08,43.51,38,6.92
23.07,7.93,30.69,8,13.04
19.18,16.23,40.23,44,7.35
21.44,15.47,42.01,13,5.73
22.66,5.86,41.42,54,15.31
22.28,17.86,39.48,8,7.35
22.64,19.49,34.03,14,8.7
22.33,23.66,67.92,36,11.24
23.92,23.43,63.67,49,5.74
20.57,3.98,33.38,71,15.78
20.98,7.5,60.82,20,9.89
20.84,19.12,41.01,56,8.01
23.25,19.11,46.29,18,9.79
23.35,19.12,44.37,57,8.58
22.68,45.82,38.4,5,14.31
23.78,19.57,54.84,3,5.23
20.23,24.08,46.26,42,7.16
24.5,22.63,40.23,41,9.47
24.28,20.21,31.95,2,3.61
23.1,12.48,36.06,0,8.22
24.67,21.07,28.59,54,8.93
19.52,8.82,45.12,14,9.43
21.21,13.11,33.03,46,9.99
20.9,11.12,42.34,45,13.12
23.08,15.65,58.7,57,8.68
20.42,33.52,56.99,70,15.17
23.14,0.06,44.68,38,17.29
24.06,20.49,44.13,2,5.75
23.04,2.1,63.8,29,14.42
22.43,11.22,50.21,34,12.62
20.52,23.71,41.72,56,10.37
20.73,15.51,30.74,28,6.73
23.87,6.38,48.94,49,13.6
23.17,9.28,53.29,61,12.65
21.94,20.44,38.68,51,8.1
21.37,9.16,47.91,13,10.18
18.96,16.73,41.36,34,6.57
20.39,15.36,43.16,27,10.3
24.87,9.79,20.12,57,13.52
20.08,32.15,42.78,29,11.33
22.28,20.07,54.69,6,5.0
23.51,-1.2,38.69,38,19.72
20.12,16.49,45.53,68,7.69
22.28,9.71,37.44,34,11.23
23.41,21.82,48.6,51,8.75
22.02,8.66,42.83,13,10.3
26.3,14.08,35.61,62,11.81
19.5,19.04,58.33,35,6.74
23.59,21.93,54.29,23,4.23
21.74,5.4,38.95,39,14.47
23.16,12.32,49.98,28,10.09
22.66,11.2,50.37,52,11.86
20.9,9.77,51.42,21,11.5
22.34,29.12,28.06,71,10.24
19.21,18.24,55.07,14,3.39
22.9,4.91,39.3,68,15.35
22.45,22.34,41.42,63,10.53
22.96,31.98,71.38,3,7.13
23.59,23.26,48.02,74,9.49
22.55,2.85,41.14,17,14.69
22.22,11.13,22.95,41,10.08
20.68,25.14,58.9,29,6.79
20.93,9.34,31.55,14,9.89
23.78,18.55,34.97,69,10.98
24.15,21.2,41.69,54,10.35
21.64,7.58,59.16,52,12.93
22.07,14.52,52.73,15,7.78
20.64,-10.93,43.42,72,26.31
23.76,6.8,48.08,33,11.51
23.0,12.98,39.0,26,7.52
24.91,5.02,46.4,12,11.83
20.68,28.06,45.73,26,10.15
21.43,3.56,54.69,72,16.38
22.35,11.48,54.67,68,12.94
22.97,16.05,49.94,30,7.81
21.68,26.53,41.38,2,7.05
20.69,3.51,52.42,29,11.91
23.32,24.31,44.08,20,4.81
23.08,15.08,34.18,5,6.35
20.63,7.15,40.97,31,8.64
24.03,18.7,45.85,41,8.39
23.76,16.59,54.1,61,11.23
22.2,10.2,43.16,31,10.29
22.12,15.56,32.91,38,8.78
22.83,11.92,45.57,63,12.71
20.71,15.91,46.13,29,7.72
22.05,20.3,46.86,62,7.56
18.77,27.69,54.2,30,8.59
23.31,5.1,55.19,39,14.81
19.66,32.06,39.06,32,9.64
24.26,-0.62,38.84,62,18.86
21.5,13.79,34.6,24,10.64
21.68,19.71,51.99,35,7.07
21.06,17.25,59.49,23,5.03
21.57,10.02,41.85,57,13.03
24.13,13.34,42.59,38,12.14
18.27,11.06,59.67,45,9.34
23.92,10.29,50.06,76,14.85
22.51,21.8,49.36,9,3.64
20.19,17.86,33.09,31,6.16
20.39,9.46,51.79,35,10.35
24.51,22.2,35.71,27,6.99
20.58,17.46,33.66,15,7.95
20.27,21.5,41.53,15,5.3
23.71,20.04,39.14,17,4.58
22.51,8.37,42.78,7,13.53
20.59,10.52,30.59,79,14.22
22.32,20.98,54.59,74,10.55
20.46,19.88,56.28,69,8.86
23.65,14.83,25.53,0,7.63
23.59,15.94,54.78,61,11.13
22.8,25.22,36.89,75,10.98
22.54,10.27,53.57,37,11.34
24.64,19.38,44.32,44,9.7
22.0,13.38,45.29,57,12.71
20.23,13.26,43.15,0,8.28
22.67,23.79,57.12,31,7.77
25.13,21.6,32.6,7,4.34
20.48,21.51,51.08,39,8.85
21.46,25.44,56.01,55,10.28
22.62,15.17,52.16,62,11.84
21.92,20.46,68.25,73,10.3
20.53,12.52,39.71,73,12.12
23.68,17.59,54.57,35,8.45
25.48,13.96,43.94,56,12.32
22.29,15.78,57.33,73,13.45
20.64,19.76,44.92,44,7.25
19.68,8.45,41.12,78,14.46
22.39,31.74,58.06,79,13.68
23.66,6.95,40.08,1,10.39
22.71,5.29,30.87,67,13.42
22.0,24.26,39.83,49,8.97
21.12,21.33,51.19,28,6.62
20.36,19.99,58.92,9,4.67
23.25,20.03,46.11,26,5.65
23.37,14.9,58.18,14,10.85
19.68,7.82,31.42,59,12.53
24.38,15.61,40.57,30,9.96
22.86,9.58,42.11,20,10.16
24.1,22.8,43.85,59,6.75
19.99,13.82,45.84,57,11.16
19.95,8.4,51.91,40,9.98
21.78,12.43,40.55,45,11.24
22.75,18.3,46.39,44,9.06
24.69,10.49,44.55,25,10.47
23.06,8.42,35.74,50,12.07
21.64,16.95,43.86,35,7.29
20.46,16.96,43.56,51,8.05
23.85,10.94,43.35,50,11.12
20.55,11.23,45.32,2,6.66
24.44,16.86,45.76,13,8.1
21.57,3.42,40.68,48,17.53
24.39,3.74,57.73,76,19.69
23.02,9.25,33.31,0,9.89
21.79,13.29,37.79,56,12.67
21.22,17.49,72.8,16,8.28
21.49,26.8,34.62,49,8.97
22.64,21.86,31.46,13,5.04
22.12,13.72,52.34,58,12.8
21.11,14.85,24.23,2,7.66
21.75,6.98,42.65,39,14.37
22.12,14.85,66.46,65,10.58
18.81,12.69,29.55,33,9.92
22.69,17.58,25.18,8,8.46
20.53,8.38,30.01,20,12.11
20.27,19.15,53.98,24,4.69
19.47,27.26,56.25,43,8.76
19.31,14.13,39.87,24,8.17
19.97,18.21,51.83,8,6.9
20.94,20.52,58.9,61,8.61
24.93,11.79,62.87,25,11.32
21.21,16.79,42.54,56,9.44
22.27,15.1,21.99,36,10.3
22.6,15.78,36.79,15,7.28
22.2,8.82,40.73,36,12.73
21.88,15.2,42.41,75,11.74
20.21,18.98,43.12,23,4.74
24.18,26.61,56.19,25,5.53
24.71,22.67,57.74,19,6.74
19.48,32.23,43.28,8,6.7
20.46,8.86,55.98,28,11.6
21.58,21.98,48.58,30,5.8
20.55,16.47,45.65,18,7.92
22.76,32.52,54.07,19,10.25
20.91,8.53,45.72,26,11.13
25.25,8.28,65.58,43,13.35
23.79,10.2,30.62,34,10.73
22.32,-1.99,39.85,70,18.66
23.54,10.79,43.73,21,11.9
23.66,8.93,49.39,73,17.6
21.15,16.2,57.68,14,7.47
20.78,17.73,44.76,12,5.17
22.12,30.01,30.78,3,6.64
23.29,22.6,53.43,55,7.43
22.21,10.38,52.55,22,11.9
19.63,7.81,25.58,33,10.46
20.8,18.94,44.96,16,5.58
21.89,4.44,29.1,27,14.79
21.89,29.65,38.35,13,7.3
24.96,24.44,35.97,33,6.75
19.92,11.25,53.09,74,13.96
22.76,1.29,46.17,56,17.35
24.23,25.83,32.14,76,11.87
25.41,14.08,53.8,54,14.68
21.39,24.9,30.66,65,9.9
22.74,2.24,48.3,36,14.5
22.85,10.2,36.86,67,13.03
22.29,15.04,41.34,75,12.39
21.85,15.38,50.04,25,7.11
22.65,11.4,50.21,60,13.34
18.2,19.98,58.37,66,11.32
23.02,6.46,44.18,73,16.3
22.19,13.86,48.06,51,11.02
21.67,15.96,40.62,17,8.39
25.07,19.12,46.82,52,10.65
20.99,20.69,49.39,62,6.84
21.4,6.0,44.02,52,13.68
24.99,2.73,26.96,26,17.51
20.75,25.22,48.31,30,8.23
21.17,17.66,48.65,0,4.1
21.78,9.01,38.2,5,9.44
23.26,27.41,32.16,10,3.91
22.31,15.93,59.76,33,6.85
20.06,24.43,49.91,62,11.24
21.2,15.54,42.71,52,9.82
21.09,31.49,33.63,17,10.0
21.88,29.04,36.78,20,9.56
22.64,13.01,58.03,18,9.87
22.63,22.77,46.38,3,4.85
19.34,20.16,39.49,76,9.59
23.6,25.95,50.1,28,8.31
22.38,7.28,36.86,24,14.16
24.08,20.49,60.01,55,9.6
22.67,23.47,58.53,76,9.75
23.65,0.93,40.33,62,18.55
22.7,5.53,38.71,26,13.0
24.02,-1.31,18.82,59,18.33
22.78,12.84,30.18,48,12.54
21.85,20.74,31.61,64,7.98
25.41,27.02,46.35,37,6.46
23.33,15.59,41.74,51,11.76
22.86,28.03,31.55,0,6.97
20.09,3.96,42.19,39,16.42
20.07,1.37,50.05,20,15.03
22.44,14.56,50.28,14,9.27
22.22,18.07,26.0,49,9.85
21.08,14.74,43.72,47,9.62
22.21,-1.54,31.17,31,17.0
24.38,14.29,54.02,48,12.44
23.04,4.56,52.84,67,16.15
20.29,20.36,36.02,44,6.59
21.83,17.93,37.34,31,8.63
20.79,7.48,40.39,3,9.78
21.42,10.89,22.47,64,13.29
21.38,6.53,48.36,70,16.39
21.28,14.5,42.27,72,12.75
20.12,22.64,54.7,64,11.51
21.81,7.11,34.02,79,14.96
21.16,19.03,38.81,17,7.7
17.61,10.76,29.93,53,10.81
25.08,8.66,34.96,46,15.14
23.63,14.14,33.18,5,8.95
21.44,6.72,54.96,65,15.77
22.03,10.57,38.02,8,8.52
20.24,5.42,46.24,67,16.01
24.54,30.72,41.19,22,6.21
24.85,15.28,32.31,42,13.24
22.24,9.4,43.32,50,13.38
23.54,16.71,50.99,71,13.2
22.26,14.1,32.92,24,9.66
19.99,13.23,53.09,79,12.41
21.38,19.91,36.5,34,5.94
22.2,21.06,40.17,16,4.36
21.32,10.76,50.31,17,10.63
21.67,10.39,38.37,26,11.34
21.86,12.8,45.38,14,9.41
21.88,-3.42,41.85,68,19.63
22.08,2.88,46.29,79,18.36
20.41,25.93,21.19,14,6.28
20.92,28.16,26.7,41,8.71
20.07,13.01,51.16,33,8.92
23.47,19.61,55.37,47,8.58
18.84,17.49,35.9,7,6.39
23.73,39.63,42.56,9,9.79
24.08,23.96,47.95,4,4.01
21.55,13.98,51.93,47,11.23
18.1,7.36,24.72,25,12.34
21.46,2.15,36.14,22,13.04
21.9,16.63,41.67,61,8.93
20.48,8.95,52.03,12,10.68
21.23,3.62,69.98,8,12.73
24.3,9.83,42.72,19,11.22
23.0,6.35,30.93,56,15.4
20.61,28.5,49.02,23,9.93
19.6,22.05,58.21,32,8.1
21.51,14.94,46.08,19,8.34
21.68,26.84,35.93,59,11.57
22.74,15.62,54.58,47,10.55
21.2,8.11,51.64,63,14.13
22.77,27.18,34.74,29,8.4
24.9,19.31,48.81,72,9.78
23.22,6.7,54.97,16,13.12
21.93,13.48,56.82,13,8.2
21.73,8.0,44.34,18,9.51
21.46,3.94,41.42,70,16.92
23.77,22.41,57.27,58,7.98
21.06,30.28,32.9,66,10.32
22.07,3.81,49.39,43,13.92
22.08,19.5,31.3,31,8.82
21.25,9.79,55.65,10,9.02
19.94,11.1,42.42,1,8.07
22.48,10.26,57.69,67,12.75
21.91,8.09,49.91,16,13.61
22.75,15.39,32.77,39,9.62
21.2,8.35,59.25,45,12.0
23.83,17.16,60.51,3,8.18
20.68,14.6,53.82,37,11.6
24.57,13.09,37.38,62,12.58
19.38,7.74,41.94,28,9.98
22.65,10.39,46.45,18,13.23
22.71,21.04,37.96,28,6.13
20.81,19.01,61.92,34,6.83
22.64,7.18,46.44,69,12.91
23.92,15.79,17.97,22,8.43
18.67,21.01,48.39,45,6.3
22.75,1.64,41.52,43,15.46
18.26,19.35,44.25,47,5.03
20.55,9.7,41.31,51,13.56
24.44,19.56,53.07,7,4.72
21.13,8.89,56.2,54,10.8
20.24,0.56,47.83,65,16.03
21.7,1.98,41.61,76,19.32
25.1,15.38,44.59,39,10.24
19.25,17.08,45.2,30,6.38
20.42,7.77,36.98,47,13.11
24.25,20.11,50.79,60,9.64
24.79,1.71,49.6,51,19.18
21.84,14.47,60.4,37,9.53
20.14,5.31,57.55,35,12.72
25.14,9.79,38.14,54,16.98
24.39,15.38,53.2,12,8.76
23.02,8.12,35.49,36,13.03
20.78,11.92,51.96,46,10.73
21.93,23.05,39.83,70,6.09
21.76,10.38,34.77,21,11.16
22.5,21.69,47.8,38,8.73
24.18,5.96,18.25,57,16.97
23.32,19.24,27.49,29,6.61
20.38,26.53,43.23,17,7.4
24.06,-4.77,45.82,17,18.27
22.47,8.62,41.31,73,15.34
23.03,19.62,29.21,38,8.45
24.2,13.38,36.82,25,10.42
20.33,17.97,48.91,70,9.26
21.95,10.17,50.82,6,9.65
21.2,15.69,44.84,68,12.11
19.65,13.75,56.57,64,14.48
22.52,24.34,48.97,45,7.11
25.77,17.04,37.53,17,8.95
19.24,17.7,42.19,12,4.73
21.95,11.7,30.97,24,10.12
22.96,11.1,43.92,7,10.66
22.18,11.54,56.12,73,13.49
21.83,18.16,51.85,31,5.15
20.05,11.63,59.02,16,10.03
22.35,17.32,41.97,78,11.51
20.86,31.6,58.46,78,13.76
18.72,21.97,43.07,47,7.72
23.79,12.39,59.72,62,13.74
23.44,24.61,44.78,39,6.09
22.08,11.74,52.07,14,8.72
22.34,-1.3,59.75,5,13.39
23.61,6.94,43.07,62,14.67
22.34,0.03,47.18,7,14.99
23.36,12.19,57.89,31,9.41
21.55,15.15,43.67,44,11.0
23.97,28.41,31.79,51,7.63
22.48,17.62,66.43,78,11.83
22.29,13.25,40.3,12,9.1
20.09,21.64,46.59,23,6.99
22.43,-2.69,56.56,39,18.87
20.75,16.88,38.92,13,6.13
21.04,21.17,34.92,74,8.55
20.78,3.17,47.54,69,17.18
20.4,24.15,27.07,61,9.7
25.19,17.71,42.12,60,10.78
24.0,11.68,47.45,0,9.7
24.88,20.06,42.3,65,10.15
20.17,33.17,29.57,31,10.74
22.11,16.45,60.94,12,6.84
20.06,16.99,46.04,32,7.9
20.96,11.33,59.31,31,9.28
20.62,8.2,42.4,55,14.4
23.86,21.64,36.2,23,5.48
21.41,8.15,47.69,3,7.18
23.6,15.57,42.84,22,9.46
22.91,11.18,33.22,28,7.49
25.46,18.83,59.7,20,7.06
19.78,17.67,38.78,29,9.47
23.89,23.3,26.6,19,6.27
23.72,10.92,58.28,15,11.86
20.54,12.84,39.96,66,10.34
23.51,7.17,38.92,48,14.07
22.5,11.45,27.35,57,13.87
21.66,18.02,62.41,43,9.35
20.76,21.06,32.11,24,6.66
20.92,7.62,45.58,22,13.35
25.07,21.96,54.13,58,10.07
22.0,25.85,49.22,0,3.99
23.17,18.31,44.4,14,7.55
20.81,30.01,27.98,51,10.85
20.83,8.81,36.9,57,11.4
23.62,5.04,46.88,40,15.94
19.98,0.77,37.13,43,16.65
21.38,26.97,47.03,3,6.32
22.05,20.23,51.82,76,10.3
22.17,14.56,54.63,67,9.45
21.73,17.24,32.74,6,7.28
22.59,6.0,66.97,45,15.58
23.04,34.57,52.67,8,9.84
23.1,16.03,44.98,32,7.59
20.52,15.88,55.9,32,6.2
21.57,20.81,68.65,3,7.02
23.79,18.85,30.61,64,8.96
23.34,16.79,42.75,33,9.06
19.94,8.68,21.22,78,12.68
22.53,18.77,46.93,63,7.06
19.03,30.06,48.65,24,10.91
22.07,25.76,44.61,54,9.84
24.85,27.75,38.45,8,3.44
20.58,10.91,24.5,16,10.17
20.75,7.08,48.74,20,10.65
23.15,13.99,59.55,59,10.84
19.69,15.45,39.09,12,4.96
21.05,23.75,49.4,2,6.14
22.89,1.46,29.32,67,15.47
21.05,27.24,49.57,3,5.25
21.65,13.74,41.07,6,8.11
23.12,11.58,37.38,25,10.86
22.63,6.9,37.4,74,14.59
22.4,1.76,41.06,23,16.06
21.49,21.59,48.82,9,3.07
22.56,15.59,31.88,12,7.2
21.81,4.68,41.03,43,13.93
22.69,4.64,44.59,38,14.05
21.25,12.31,34.01,18,8.56
21.73,28.35,62.97,50,10.16
20.52,12.92,36.47,18,7.94
21.95,2.97,38.31,75,17.14
20.78,13.03,35.22,51,11.89
20.33,12.82,62.98,46,10.27
22.39,-6.58,50.53,29,19.65
22.32,14.57,35.63,45,10.35
23.17,13.15,56.06,75,14.04
21.35,20.57,47.01,20,6.39
22.61,29.79,47.57,74,10.76
22.83,24.01,41.56,47,8.2
22.67,12.85,37.51,61,12.0
20.76,6.15,48.38,57,13.14
22.22,35.59,39.55,17,11.73
22.55,15.47,63.17,58,10.68
22.01,15.11,32.31,47,10.33
18.87,14.81,60.36,62,6.82
22.24,16.58,43.89,11,7.84
25.32,13.85,47.99,33,14.3
21.46,10.41,53.33,60,12.96
20.91,10.63,38.7,52,11.53
22.56,14.74,53.64,24,8.45
22.47,10.65,17.92,61,13.52
23.79,9.3,37.8,3,9.93
20.11,15.85,35.76,12,7.07
23.1,12.96,32.46,41,12.99
22.89,27.03,42.85,48,9.88
21.79,-6.21,48.86,77,21.51
22.51,23.73,52.03,55,6.84
23.54,24.97,47.41,46,7.08
23.31,-1.59,38.34,7,15.08
20.29,12.26,48.69,54,9.54
23.23,12.03,46.24,17,11.23
21.9,3.74,54.36,34,15.05
22.11,8.78,52.77,31,10.7
22.11,6.12,45.3,23,10.35
21.77,29.02,36.03,6,8.08
23.79,22.49,38.47,12,3.03
21.87,25.17,39.5,68,9.94
20.32,20.77,41.85,41,6.21
21.41,5.97,47.68,30,13.72
22.27,10.8,52.15,73,15.03
23.84,18.91,44.49,25,6.65
22.9,5.22,45.16,75,17.95
20.72,20.7,46.43,31,5.53
25.73,13.08,39.84,51,12.88
22.4,12.0,35.75,19,9.59
23.91,20.69,27.45,39,10.29
21.77,18.55,38.05,58,8.94
22.8,12.11,49.73,76,11.87
23.26,24.27,37.97,13,4.08
23.83,6.35,42.62,43,15.4
23.59,19.93,49.66,47,8.34
23.31,19.74,50.21,42,8.31
21.53,12.52,34.2,15,8.1
21.14,17.61,54.97,34,4.41
22.5,4.99,56.27,52,14.43
23.4,22.39,33.7,33,6.18
21.67,13.52,36.76,2,5.23
23.6,10.82,56.91,67,12.88
24.18,23.39,43.53,4,3.88
20.63,9.37,22.8,9,8.64
20.74,3.73,31.0,51,15.16
21.79,2.55,42.51,28,13.92
22.46,19.85,33.37,30,7.21
21.21,4.76,40.87,65,14.73
24.03,29.04,45.32,75,11.44
22.64,-1.66,59.62,68,21.35
22.06,28.57,42.1,36,9.43
19.85,16.69,55.73,26,6.79
20.03,14.23,59.29,32,7.61
22.42,10.64,59.34,67,13.99
18.8,18.19,47.85,58,7.79
23.52,14.7,25.37,63,12.43
21.76,23.83,49.61,43,5.5
26.86,15.91,55.48,48,11.89
25.46,16.2,44.19,52,11.97
21.73,12.09,62.45,73,13.54
21.84,14.54,53.6,48,10.05
23.49,17.46,50.68,65,10.61
24.55,1.32,55.86,62,17.32
19.54,4.21,48.33,24,12.76
19.32,20.95,20.07,3,4.75
21.07,16.37,40.01,50,7.52
22.87,13.53,56.97,10,9.68
22.75,15.15,36.92,16,7.31
23.6,17.78,42.77,65,10.36
20.2,10.68,34.55,69,14.86
18.53,8.77,62.84,72,15.29
23.29,16.57,61.81,68,9.98
20.76,7.17,36.16,28,10.08
18.97,18.27,46.47,72,7.79
22.22,1.38,38.2,71,19.82
23.19,23.23,51.15,19,4.39
21.82,18.78,50.1,26,5.17
21.31,17.05,53.12,7,7.68
21.76,22.86,48.32,60,9.13
21.44,28.32,74.35,27,11.8
19.98,23.11,34.72,69,10.47
20.93,0.27,27.89,2,12.81
22.78,4.76,41.07,68,16.79
22.48,10.0,29.32,72,13.55
22.25,15.21,30.08,6,8.61
20.51,19.14,34.99,59,9.9
21.73,9.19,35.78,3,7.49
18.73,16.49,35.45,4,5.95
22.27,8.96,50.18,10,9.16
24.14,10.11,39.94,14,13.79
19.79,3.75,43.2,63,17.1
21.12,7.61,53.94,12,9.36
22.49,4.19,37.34,6,12.51
23.88,7.19,42.35,5,12.69
21.33,23.43,48.66,55,7.78
20.96,7.4,25.58,63,12.25
19.05,36.06,21.15,49,14.53
22.16,18.95,48.46,29,7.01
25.06,16.48,49.92,21,7.98
22.42,8.13,65.64,24,13.58
21.97,20.6,46.58,27,4.66
22.48,10.39,53.2,38,11.77
21.98,15.98,43.05,66,11.19
20.78,35.48,47.97,4,10.99
23.23,14.23,61.67,64,13.81
22.34,24.19,23.76,14,4.88
22.03,9.37,49.14,66,10.93
20.54,14.72,66.36,39,8.88
23.96,29.17,47.82,68,11.69
23.0,9.98,61.51,76,14.93
21.17,29.5,38.71,42,10.1
23.5,20.66,44.68,0,5.58
21.25,10.5,45.34,21,10.78
20.83,20.06,22.82,61,5.81
20.86,22.78,33.32,78,9.8
19.34,19.97,34.03,25,5.31
22.71,2.44,53.22,17,14.2
19.25,9.18,53.72,47,9.26
20.16,13.02,48.24,8,9.08
18.89,14.4,53.24,0,5.82
21.87,19.97,43.36,8,5.58
21.77,16.42,57.02,22,9.92
21.51,4.32,45.09,44,15.01
20.44,18.04,45.58,1,2.98
20.24,19.88,42.34,13,4.6
22.7,19.48,51.84,37,8.63
21.17,23.65,40.79,39,7.52
22.47,21.67,54.76,62,10.57
20.67,18.67,33.68,15,4.43
22.27,14.44,34.01,74,13.71
23.95,1.71,51.87,5,15.14
22.88,18.44,44.11,2,5.91
21.38,16.66,40.46,13,7.04
22.39,17.17,53.9,65,9.53
21.64,4.79,38.93,74,15.98
22.01,6.35,43.0,66,16.0
21.51,23.43,58.99,30,6.67
21.75,14.68,60.39,32,9.4
22.32,20.45,60.72,0,5.94
20.51,15.23,42.18,43,6.73
20.48,15.24,57.31,14,7.64
19.92,22.51,35.51,36,9.35
19.6,10.87,35.93,26,8.83
20.17,15.77,21.5,47,7.1
22.24,11.3,61.73,26,10.2
20.66,11.52,36.36,11,6.61
22.77,12.53,43.73,66,13.16
22.05,16.78,35.9,29,7.85
19.05,11.17,51.95,65,12.26
22.98,25.05,41.24,6,4.81
23.22,7.84,31.95,33,12.94
20.51,13.51,49.42,31,9.6
22.63,11.48,30.66,38,9.7
20.72,26.58,36.63,42,9.54
22.15,16.57,23.93,42,10.55
20.1,23.25,30.76,77,9.12
19.31,3.12,46.79,2,11.5
21.43,17.14,25.35,45,10.01
21.81,22.12,30.19,31,4.37
21.4,15.66,44.98,42,10.16
20.22,23.52,39.56,2,4.95
21.4,10.86,64.92,73,15.04
22.4,26.27,63.34,62,9.04
21.93,33.39,36.32,39,11.42
22.27,12.1,50.57,17,7.71
20.99,11.44,52.49,66,13.23
23.76,26.63,39.03,61,9.69
20.24,27.64,30.04,9,8.06
22.73,10.82,44.88,51,13.19
23.77,11.64,43.27,72,14.04
22.72,12.75,40.64,45,9.48
21.7,4.24,49.42,54,16.57
21.21,7.65,37.49,45,12.77
23.55,6.97,33.48,74,16.62
19.87,8.86,46.09,59,12.55
20.54,14.72,48.86,25,10.45
21.4,16.87,33.23,26,6.68
23.86,27.4,54.28,37,7.27
22.57,7.01,27.3,21,10.01
20.55,22.87,39.22,25,6.52
21.53,13.29,42.42,68,14.34
21.08,14.6,38.64,34,9.02
20.94,20.4,39.35,65,8.65
23.47,6.02,63.71,72,18.02
19.94,18.06,36.49,50,8.09
24.41,16.33,69.41,17,10.31
23.24,18.94,49.37,42,10.23
23.64,17.31,45.92,11,6.59
21.31,34.64,49.76,2,8.17
21.78,9.9,70.3,6,10.65
19.85,10.75,35.06,5,8.36
21.21,10.01,33.8,44,10.37
22.74,10.56,37.45,38,10.89
23.94,9.9,45.32,50,12.68
20.34,24.51,27.74,8,6.03
21.45,26.36,45.22,22,8.63
21.77,10.43,61.94,11,11.07
19.91,8.34,46.51,61,14.12
22.89,18.77,42.07,72,10.17
20.91,10.58,38.82,76,16.22
21.71,20.06,53.99,39,7.32
21.32,16.62,36.74,53,8.91
20.82,2.87,63.46,6,10.81
21.99,27.38,64.33,16,7.09
21.68,29.37,47.57,49,11.13
21.44,10.1,44.88,23,8.48
20.91,11.9,55.31,1,6.81
22.48,17.29,55.95,32,7.85
24.48,17.68,36.94,20,7.09
22.21,20.27,39.73,73,8.55
23.49,31.08,31.78,52,11.88
19.91,13.58,49.09,45,7.75
22.24,8.61,51.67,44,13.2
20.35,3.97,31.5,8,12.03
19.78,9.15,40.45,5,8.16
20.89,14.73,31.53,50,9.47
23.79,29.36,36.01,34,8.38
23.43,10.86,50.51,52,13.81
22.36,16.79,37.67,18,9.17
19.7,14.87,41.99,68,9.02
21.71,24.51,28.73,24,5.27
22.45,35.22,46.87,10,9.11
22.26,10.75,44.56,73,13.94
19.23,11.08,37.71,16,7.87
20.66,23.35,43.11,35,8.11
21.9,20.46,46.8,20,4.97
22.8,29.77,36.85,17,6.81
18.71,19.67,30.24,59,7.1
21.76,12.13,63.06,17,9.61
22.21,19.73,38.67,0,5.86
23.27,23.87,44.03,13,4.79
23.04,21.56,55.11,7,4.31
22.87,19.06,80.29,65,9.23
20.8,23.53,32.56,50,9.97
19.14,24.35,49.5,78,9.44
21.41,26.06,37.92,59,9.57
23.5,20.19,39.61,33,8.28
24.09,13.66,37.8,35,10.47
23.07,16.17,33.74,61,10.2
22.64,24.65,44.59,0,5.22
22.57,8.46,30.25,41,11.36
21.17,17.95,54.47,0,3.18
21.8,11.85,45.55,53,12.3
24.5,15.23,49.22,46,9.94
20.59,25.23,40.34,38,8.51
24.42,16.53,41.33,29,9.05
21.52,15.37,47.88,6,7.22
23.99,4.12,33.36,21,13.64
19.89,20.97,41.42,49,8.2
22.88,20.16,36.4,44,7.0
20.89,32.31,36.09,73,14.72
19.88,12.54,23.9,71,10.17
22.33,16.75,58.39,9,8.42
23.51,17.0,38.13,13,9.88
20.73,27.62,56.63,45,10.23
19.75,14.24,55.69,74,13.38
21.86,17.23,32.14,5,8.11
21.87,19.86,34.12,20,5.43
22.82,16.49,70.61,61,11.23
23.42,11.43,62.51,18,9.62
21.91,16.55,44.68,61,9.45
24.78,23.59,47.57,52,8.17
22.34,6.79,38.69,23,10.22
21.48,16.06,49.32,55,11.03
19.58,9.4,37.83,61,12.62
21.61,24.56,24.68,33,7.83
21.5,2.81,31.78,21,13.13
23.44,10.53,45.21,67,14.99
22.69,18.02,33.69,56,9.83
20.23,27.52,44.33,9,8.19
22.26,14.47,34.25,65,12.65
23.01,10.56,37.18,7,8.13
24.29,30.05,53.53,37,8.14
23.33,3.42,47.47,61,19.72
23.14,-2.59,44.9,27,17.39
22.09,18.52,53.79,9,3.98
22.58,10.98,49.81,44,9.99
23.87,6.83,59.47,64,15.95
20.0,20.67,40.4,66,7.9
21.48,16.95,40.7,8,5.24
20.84,10.49,31.99,4,10.57
22.57,4.76,40.71,9,11.81
23.85,21.98,54.65,11,6.41
21.1,20.2,58.0,57,8.57
18.41,14.21,54.6,20,6.76
21.38,29.77,27.06,20,7.21
23.37,6.44,55.83,64,16.86
22.81,2.8,26.61,2,9.73
22.64,9.46,53.98,68,15.54
21.58,14.64,41.32,63,11.34
20.08,16.95,52.03,48,9.29
22.77,13.07,31.68,71,12.82
20.75,17.82,56.71,16,4.81
25.28,4.99,30.35,72,18.11
22.86,26.55,38.32,31,8.43
21.13,14.34,35.02,69,10.83
21.08,23.94,27.46,20,6.89
21.86,17.74,45.95,6,6.32
21.64,18.65,63.06,6,6.25
23.68,19.56,71.67,26,6.72
22.28,18.58,45.97,7,7.38
20.9,20.14,56.17,72,9.58
24.84,25.63,47.32,27,6.96
22.07,16.57,49.99,78,11.22
23.15,20.67,41.58,65,10.47
21.09,14.28,46.95,70,11.16
22.54,26.52,50.37,46,7.69
22.47,9.59,39.22,9,12.14
19.17,29.41,44.23,32,7.67
25.02,14.68,44.42,6,12.33
23.94,3.55,53.26,2,13.95
21.4,16.02,34.34,13,6.47
20.35,9.55,44.48,43,11.93
22.52,21.73,64.12,45,8.31
22.13,9.78,56.64,60,13.21
22.53,11.43,58.49,35,13.77
22.29,-0.12,45.24,12,16.37
22.76,11.38,48.21,15,13.17
24.17,-4.39,55.02,79,20.74
22.85,2.33,60.6,4,13.68
20.43,21.08,25.48,37,4.6
24.04,21.29,31.85,49,6.84
24.46,18.4,58.09,37,8.8
26.73,7.26,42.23,55,15.87
20.31,14.62,38.28,62,10.92
22.36,14.97,32.46,47,9.97
18.88,5.73,39.45,58,14.53
22.83,27.03,30.98,76,11.06
21.18,22.02,65.91,43,9.35
24.89,13.23,44.78,54,13.69
20.84,15.22,44.42,54,8.56
19.47,16.67,50.88,0,4.85
21.29,-1.33,54.62,7,14.4
19.04,13.02,54.46,3,7.26
23.13,9.54,55.74,52,14.88
18.9,6.99,38.69,57,13.27
22.04,12.75,42.02,36,11.03
18.88,29.38,52.69,48,10.51
21.52,20.13,39.73,66,8.29
24.47,10.43,44.95,18,8.96
22.54,19.58,48.99,0,5.6
20.7,26.19,52.85,28,9.23
21.95,22.4,27.22,32,4.27
22.03,15.48,52.15,51,10.49
22.71,9.82,42.66,40,12.12
19.95,20.59,52.07,22,7.63
22.89,18.15,52.77,4,5.13
17.94,22.16,61.08,70,11.82
21.06,20.08,58.53,56,9.61
21.27,23.4,58.47,5,4.95
22.95,10.72,59.44,48,13.11
22.03,25.54,47.91,21,8.06
19.89,16.58,45.32,76,9.17
20.52,31.6,53.73,75,13.53
22.3,9.49,52.32,3,9.98
21.88,28.89,41.91,71,14.23
21.13,16.58,49.05,63,9.71
21.28,9.79,44.65,36,11.04
23.04,11.13,36.46,30,12.87
21.22,12.44,57.9,36,11.14
21.87,18.39,45.55,44,10.95
25.25,19.18,65.49,7,8.52
19.86,10.41,28.75,39,10.24
19.22,14.81,39.43,4,5.51
23.18,32.14,45.33,27,8.61
20.98,28.82,56.37,8,6.37
21.52,18.49,48.99,1,5.58
20.83,15.3,48.1,62,11.3
21.61,15.96,33.73,50,10.45
24.4,19.91,33.43,30,7.47
23.2,6.82,48.23,6,13.83
23.29,12.94,31.36,29,8.53
19.88,1.65,39.68,57,14.02
20.27,18.19,50.01,2,3.84
17.74,20.18,35.18,50,8.13
20.79,11.13,61.05,55,10.79
23.44,27.59,57.24,72,12.39
22.78,5.19,29.29,9,11.09
21.67,3.29,35.68,60,14.91
21.97,16.8,22.14,49,10.36
20.97,23.38,37.17,46,8.11
22.31,28.47,52.66,0,7.51
23.15,11.33,40.86,56,12.79
19.58,23.63,49.61,37,8.48
22.45,14.69,29.78,61,9.49
23.4,13.62,52.98,78,13.48
21.38,22.07,39.45,69,7.48
23.05,20.22,45.12,64,11.78
26.22,2.39,44.07,61,20.21
21.84,26.81,32.28,55,8.79
22.59,26.04,33.47,66,9.43
20.89,10.0,54.68,16,9.65
22.27,18.17,48.99,7,8.66
22.69,18.95,55.5,59,10.12
22.29,17.09,48.25,39,8.28
20.47,10.6,46.43,61,12.59
22.31,9.63,27.74,40,10.08
24.19,14.8,42.3,11,8.55
22.67,24.38,44.73,53,6.85
23.44,19.35,64.53,10,4.29
21.64,12.04,51.87,59,14.62
23.12,21.17,60.36,67,9.44
22.42,-7.79,50.98,77,21.82
20.57,24.19,37.89,45,6.31
22.48,1.08,46.17,37,15.65
20.51,12.1,47.36,60,11.52
21.05,6.04,35.61,16,12.33
22.28,4.64,41.16,65,14.96
22.45,24.29,42.94,71,8.8
20.22,11.26,61.06,35,9.29
23.58,17.77,24.19,73,10.83
22.86,14.62,57.06,6,5.59
20.94,18.82,35.63,15,4.58
19.69,15.61,31.28,13,6.97
21.78,4.74,56.8,79,15.58
21.33,22.97,52.32,24,7.4
22.17,11.05,57.55,3,10.13
21.46,2.55,53.01,28,15.41
18.99,11.58,65.6,55,11.16
21.42,27.01,50.59,5,6.51
21.54,21.8,43.44,0,4.15
22.95,12.21,48.43,38,12.8
20.95,12.21,57.43,0,9.27
24.52,12.43,37.21,62,11.34
19.13,31.61,38.48,56,12.06
23.97,18.06,41.91,66,9.64
21.66,18.44,23.95,64,10.16
23.29,23.24,46.38,64,7.38
22.12,16.91,26.14,20,6.89
23.71,12.93,45.53,29,12.61
21.42,13.43,53.65,32,10.99
20.35,14.43,40.23,47,11.21
24.13,14.7,61.77,21,8.78
21.83,20.82,30.39,53,4.29
22.33,15.42,56.91,3,6.7
23.85,20.86,51.75,54,7.17
20.45,14.35,27.84,43,6.84
22.89,15.63,72.11,11,9.47
21.12,-0.99,44.36,78,18.0
21.8,22.33,36.23,73,7.92
22.11,17.77,30.93,51,8.55
19.75,22.98,42.8,75,12.32
20.83,-8.17,43.73,64,20.99
24.03,31.71,46.03,64,12.77
23.33,13.88,42.02,9,8.13
21.91,23.87,51.33,17,3.95
22.36,6.68,41.12,46,12.47
21.56,19.9,25.65,65,8.68
24.03,6.57,43.51,48,15.0
21.7,10.01,21.33,71,14.2
22.35,30.31,48.54,21,9.43
23.72,13.47,35.21,25,10.97
20.83,16.74,46.63,8,5.18
24.34,21.96,58.14,20,8.53
19.7,18.97,35.51,62,10.51
24.44,16.2,55.61,5,7.27
21.44,17.92,40.67,13,5.15
21.64,34.23,62.53,32,9.7
19.16,14.54,41.35,70,10.81
21.32,16.61,36.6,23,7.82
20.44,23.41,51.87,72,9.46
21.09,23.84,40.64,74,10.37
21.79,24.5,36.59,50,6.6
23.44,20.11,40.22,1,6.33
22.31,5.86,44.55,14,11.42
22.46,28.07,58.42,34,9.13
20.36,5.83,25.66,35,12.62
20.68,17.42,45.23,38,5.45
24.7,8.97,51.25,3,12.06
20.9,14.49,46.93,63,10.06
24.48,17.63,58.1,73,12.31
21.64,17.57,44.26,5,4.15
22.0,18.38,43.15,56,8.62
23.61,27.91,50.92,29,8.17
23.91,18.63,45.99,73,9.88
21.83,13.05,41.1,66,10.96
21.42,22.71,50.16,14,5.47
21.92,24.52,38.47,16,5.67
22.51,5.18,38.89,17,12.99
23.34,19.78,39.72,18,6.02
22.01,20.61,58.53,75,10.53
22.93,12.62,15.0,68,11.91
24.46,26.01,48.96,23,6.76
22.57,13.8,45.34,47,9.83
22.47,16.0,28.19,29,7.63
19.72,13.62,48.1,14,8.33
18.05,15.12,49.76,46,7.67
22.58,6.23,50.9,43,12.73
21.86,3.48,18.48,26,15.44
21.23,27.76,58.66,63,11.19
22.37,8.22,37.62,40,13.29
21.91,7.07,51.87,67,12.43
23.69,-2.23,52.41,4,17.33
22.13,9.89,36.23,52,15.87
20.88,4.42,51.6,7,13.16
23.49,28.14,41.15,21,8.84
21.67,23.08,24.29,6,3.93
22.79,9.49,56.68,21,11.61
21.28,33.02,37.25,45,12.58
21.03,22.85,36.46,29,5.56
22.13,12.4,40.97,15,8.89
22.02,-5.0,47.72,78,20.13
22.72,33.33,44.43,4,8.25
21.6,3.88,50.48,66,17.36
19.25,1.84,31.61,22,10.73
21.35,23.18,37.58,60,9.73
23.19,34.52,43.84,73,11.97
21.55,26.07,63.98,4,6.34
21.63,19.51,43.86,22,6.32
23.48,19.76,55.85,78,11.66
20.93,21.83,45.39,24,5.55
19.69,21.07,40.16,7,3.46
21.76,17.25,42.53,20,7.29
21.27,15.83,43.32,1,8.77
20.55,14.5,51.04,21,7.94
21.74,8.97,58.75,71,13.54
22.74,12.75,48.6,71,12.63
21.99,1.46,56.87,67,17.96
22.46,14.21,35.35,63,11.33
24.72,7.09,40.85,18,12.32
21.49,6.17,37.76,52,15.69
22.42,16.44,48.14,51,10.6
21.24,26.14,41.41,46,8.9
20.73,22.35,52.3,53,8.09
21.12,2.44,35.69,43,15.16
21.28,7.08,45.43,6,11.16
22.54,22.53,51.87,0,5.32
25.52,7.14,24.35,62,15.48
20.93,13.2,66.22,38,8.94
21.38,19.4,42.17,18,5.11
21.91,7.25,24.75,30,11.01
22.59,15.84,46.58,76,10.23
22.4,4.33,45.33,23,15.11
23.93,10.19,44.18,68,15.63
18.36,17.56,54.91,64,5.92
18.42,2.26,52.47,32,13.56
21.26,18.52,47.98,58,8.56
23.65,14.84,49.5,32,9.35
19.65,19.42,43.96,31,2.95
17.49,16.79,62.75,58,8.28
22.86,25.91,30.21,40,7.72
22.37,16.0,46.4,11,5.92
20.36,11.56,45.65,72,14.63
20.52,15.98,53.13,10,7.49
20.55,19.35,36.56,18,4.07
22.17,15.39,27.56,53,11.4
21.06,15.32,46.57,56,9.64
22.74,9.38,47.81,41,13.86
17.72,9.7,59.9,70,10.68
20.71,3.78,32.3,30,13.41
20.31,29.0,56.55,51,9.87
21.62,5.05,68.67,1,10.55
21.19,9.46,41.22,37,9.17
23.2,9.25,32.09,31,10.44
19.21,22.16,40.93,9,4.08
22.07,12.64,45.14,7,6.77
22.84,24.98,50.64,74,10.13
24.78,9.61,39.09,19,9.62
21.28,17.23,60.55,19,7.42
22.49,8.32,33.85,8,11.65
19.29,32.16,27.61,71,13.11
18.41,5.5,56.07,14,10.53
23.27,17.48,22.25,62,9.88
21.99,20.07,42.96,20,5.42
23.77,18.31,76.18,4,3.81
19.94,13.52,44.88,34,7.59
22.78,13.96,33.79,67,13.92
24.8,15.35,44.43,47,11.6
22.63,13.82,44.49,79,12.87
22.41,22.71,46.61,61,5.68
22.01,32.68,51.62,34,11.67
19.64,10.54,34.61,69,11.35
24.03,4.04,61.88,20,12.84
21.08,14.29,47.45,79,10.93
22.76,35.64,52.27,38,12.85
19.66,8.57,38.72,33,10.79
20.23,28.11,57.86,14,9.43
24.15,28.42,42.43,5,7.26
21.48,10.57,47.78,65,12.29
24.18,19.55,35.67,55,9.42
21.88,28.03,35.03,48,9.29
19.24,11.97,51.88,0,5.42
23.34,13.37,40.56,64,11.11
21.12,10.35,36.46,27,10.09
23.05,6.88,38.57,19,12.11
22.04,9.81,51.99,47,12.51
19.69,5.21,38.71,71,15.0
22.25,15.27,43.82,64,10.3
25.29,8.84,45.15,50,17.13
22.74,16.87,25.83,42,9.25
21.91,2.55,30.29,48,14.84
23.61,17.65,48.36,24,8.57
22.32,21.67,37.63,73,7.94
22.31,-0.95,55.57,75,19.58
20.36,17.99,54.67,40,8.17
22.35,24.82,52.19,70,10.46
23.55,5.32,63.2,63,15.05
20.75,28.38,44.17,60,14.93
24.14,18.35,51.49,11,8.56
21.86,9.36,39.16,68,16.41
20.67,14.55,69.52,13,7.4
23.5,19.47,64.84,33,8.39
21.57,15.61,45.12,47,9.69
23.14,19.31,48.87,60,9.0
21.56,7.63,58.59,34,13.44
21.91,16.35,43.53,64,9.57
22.74,3.69,38.43,58,17.05
22.44,14.11,53.74,35,9.41
19.01,7.77,45.78,78,14.68
20.32,9.12,46.83,18,11.76
23.39,24.89,36.66,41,6.93
21.8,23.73,27.82,68,9.98
21.21,19.87,47.36,18,4.96
19.96,6.26,54.05,38,11.22
20.38,12.47,42.74,68,13.96
18.97,24.7,59.36,51,10.94
21.85,16.13,37.96,11,6.75
21.1,33.55,34.45,46,13.18
20.55,18.15,44.33,75,8.78
21.9,16.54,44.17,35,9.06
22.55,12.53,52.7,62,12.9
25.14,16.07,37.25,75,13.67
19.73,13.78,58.68,50,12.03
23.74,20.66,64.67,42,10.03
23.46,22.65,44.61,33,4.68
20.83,8.71,57.5,48,10.28
22.3,4.35,34.44,17,13.08
21.31,0.31,55.75,60,17.69
22.28,19.06,55.47,56,7.84
24.26,6.17,53.63,4,11.07
22.91,-2.22,44.84,23,15.67
22.76,18.11,15.46,63,11.34
21.35,34.94,38.58,58,13.19
19.77,14.95,38.74,37,6.54
21.69,21.71,35.22,32,5.7
23.81,15.65,46.22,9,7.99
19.71,14.21,40.81,36,7.37
20.42,22.35,36.75,10,5.83
22.19,12.68,34.41,23,10.77
20.52,17.14,37.84,70,9.56
20.81,17.57,56.21,20,4.9
21.36,9.66,38.39,19,9.85
19.95,22.94,39.85,9,5.93
20.54,13.6,40.43,46,7.36
23.06,8.95,48.39,46,13.87
20.04,19.29,49.56,14,4.61
19.6,7.81,15.0,43,11.59
21.05,15.23,55.22,61,10.37
23.1,14.93,59.36,5,7.01
21.7,23.69,34.5,65,8.83
21.3,18.8,35.28,75,9.3
22.07,14.8,40.5,3,6.66
19.38,21.54,37.44,22,5.02
22.74,26.12,47.24,12,6.71
22.58,19.46,25.53,30,8.37
21.39,15.08,33.82,15,6.35
23.51,4.51,60.39,40,15.12
20.31,6.48,35.72,0,8.44
23.69,12.56,57.43,11,10.11
22.23,10.12,48.55,55,13.3
21.5,13.5,26.91,49,9.73
21.97,15.45,51.35,19,7.93
21.84,19.24,43.82,65,10.42
23.83,14.44,40.45,35,8.36
20.38,18.89,47.45,78,8.29
20.86,15.52,49.75,37,9.44
23.55,-0.8,52.08,21,16.28
21.11,7.49,56.78,60,14.1
23.35,13.85,49.08,49,12.57
24.55,5.32,31.24,58,17.03
21.4,19.8,40.26,19,7.71
23.02,27.25,74.43,35,9.54
20.27,24.75,52.24,14,7.41
23.13,13.29,68.69,61,12.66
22.3,26.93,58.95,2,5.93
22.71,16.19,47.42,4,6.92
21.03,12.3,48.01,55,11.77
19.51,10.09,44.63,30,8.56
22.75,12.58,27.62,34,10.69
18.9,11.89,45.18,70,11.44
21.52,16.36,57.11,69,11.44
23.41,16.28,39.0,25,7.85
22.29,15.02,49.12,0,6.21
24.92,18.5,53.52,6,7.39
23.54,24.53,35.9,35,7.01
21.02,22.6,40.49,75,8.84
22.04,3.12,34.82,24,15.3
21.93,-5.43,36.78,58,21.5
19.63,22.47,32.12,60,7.06
20.59,4.06,36.0,28,12.0
21.16,13.2,59.19,17,8.8
18.95,5.64,35.85,40,12.77
22.07,0.58,46.26,18,17.18
21.63,19.33,39.97,3,5.01
19.49,21.07,56.79,64,8.9
22.61,10.39,58.11,40,10.8
23.07,-5.73,53.64,14,15.84
22.34,10.63,48.06,53,12.54
21.51,18.13,42.69,63,12.04
22.89,3.17,33.08,71,17.09
23.02,16.47,64.44,14,6.97
22.46,14.88,37.4,78,12.98
20.76,19.63,51.64,49,5.31
22.41,15.96,55.6,21,8.31
23.79,7.22,39.45,17,13.23
21.11,24.57,55.38,79,9.78
25.15,13.73,52.64,1,10.64
21.21,14.78,62.28,35,10.07
22.05,7.53,40.31,19,13.12
20.99,11.45,32.14,15,7.17
22.33,7.92,39.95,66,14.49
19.39,13.62,47.09,29,9.44
21.18,28.69,45.58,54,9.05
20.36,4.02,41.07,65,16.65
22.2,2.09,25.91,25,13.97
23.49,26.77,49.7,56,10.27
22.97,13.33,64.72,68,13.33
18.44,9.65,49.64,1,9.47
25.06,23.32,51.09,55,6.85
22.44,10.16,50.72,61,13.96
20.84,29.61,48.97,33,8.18
22.24,20.42,54.32,55,8.98
22.26,11.1,48.95,54,12.93
21.0,32.26,41.87,19,9.68
22.3,10.15,37.04,49,11.51
21.09,20.94,42.51,24,5.0
21.39,17.39,48.14,24,7.32
20.97,25.41,41.84,52,9.61
19.85,27.49,48.14,13,10.39
22.22,15.26,49.39,59,12.05
22.88,8.97,53.33,42,12.29
22.77,18.68,57.83,61,10.67
23.23,9.58,45.78,75,16.14
22.49,31.11,31.92,68,11.33
21.2,16.09,41.55,62,11.1
23.26,12.08,45.44,1,7.0
19.96,16.48,26.64,53,7.85
20.65,4.22,58.89,15,10.62
20.55,7.23,46.42,54,13.22
23.62,24.6,48.81,42,6.55
23.41,9.74,58.66,60,13.75
22.73,6.62,38.7,37,14.4
23.61,19.29,50.74,44,8.89
20.68,24.49,43.9,50,9.83
22.52,20.75,43.16,41,9.27
21.81,22.97,37.28,23,8.2
23.27,8.95,61.66,29,12.23
21.83,3.63,41.24,36,14.97
21.42,27.01,51.99,52,9.75
22.81,12.42,26.25,62,13.63
23.31,12.99,56.8,10,10.18
21.0,25.63,55.52,77,10.51
21.91,19.45,45.97,22,5.72
20.41,18.65,42.73,79,11.63
18.25,32.32,49.0,49,12.84
22.3,9.85,67.89,54,13.27
22.91,22.42,27.37,54,8.22
22.39,15.46,52.82,3,6.93
19.08,17.15,35.88,53,9.96
21.47,27.23,44.8,60,11.7
18.67,19.06,42.52,77,8.14
24.05,19.31,40.72,4,5.32
20.37,23.58,44.9,17,7.01
23.88,12.08,33.66,43,11.76
23.42,8.29,55.29,30,10.41
20.65,6.64,27.06,20,9.94
20.3,-0.73,50.4,46,16.72
22.53,31.45,41.73,29,10.74
20.73,6.17,33.29,54,14.92
22.15,13.23,47.02,67,14.77
21.28,12.79,29.43,68,11.19
19.33,17.46,45.4,40,6.55
18.65,21.53,30.77,44,7.8
22.34,21.88,49.61,73,7.05
21.16,10.34,35.76,79,13.93
21.17,13.66,40.49,29,8.78
23.04,17.26,47.94,76,12.59
23.76,13.01,37.27,44,12.63
21.59,27.86,44.42,44,10.0
21.49,18.93,29.86,78,10.06
22.75,20.88,51.31,44,8.13
19.96,20.3,62.65,54,6.92
22.33,24.39,72.92,58,8.98
22.83,16.45,45.91,4,6.86
23.02,4.63,52.88,31,14.15
19.09,18.2,27.19,5,3.96
20.86,9.79,60.03,25,9.89
20.68,10.77,52.76,36,9.54
22.15,19.69,40.16,12,5.3
22.72,24.91,57.37,68,10.32
24.25,15.17,42.46,24,7.32
21.26,17.47,40.42,12,5.55
21.25,28.62,49.75,19,10.87
23.72,16.93,34.37,71,11.31
22.44,35.81,55.22,59,14.16
23.9,19.52,34.44,72,12.73
22.43,0.91,34.5,20,14.98
20.26,21.03,35.9,60,8.49
20.0,18.05,52.6,78,9.03
19.67,25.32,38.83,25,8.25
22.99,20.39,31.52,53,8.34
23.78,13.89,38.94,41,12.01
24.77,5.21,44.68,10,14.71
23.26,13.33,33.19,36,10.53
23.74,8.2,33.48,10,11.66
21.13,10.36,66.11,26,8.39
20.27,19.71,36.39,33,3.42
23.28,28.36,41.77,37,9.82
22.63,18.16,41.33,60,6.84
22.16,5.43,40.79,52,15.17
22.58,18.56,51.21,64,9.85
22.48,24.57,54.48,2,6.37
23.93,10.12,41.94,66,14.42
23.94,13.93,32.64,27,12.05
22.82,15.12,57.74,13,8.0
23.27,8.72,44.05,51,15.15
22.77,20.19,62.3,29,5.33
21.31,14.03,22.54,57,7.84
23.13,18.36,46.95,53,9.53
19.91,7.9,64.19,68,12.45
23.58,11.5,41.47,14,9.97
20.21,20.78,42.75,37,5.99
22.43,12.02,47.96,77,14.52
20.73,28.82,39.41,13,6.86
22.83,11.8,41.88,56,13.02
21.95,16.8,41.62,58,11.04
19.61,22.46,38.73,7,5.11
22.63,3.65,57.29,71,17.94
21.13,0.91,49.61,18,12.93
23.32,2.79,47.51,31,14.66
22.0,25.1,53.09,28,5.54
22.59,10.59,42.36,40,14.65
20.56,35.47,37.26,74,16.92
21.12,10.49,38.97,44,13.44
21.31,16.48,45.02,12,8.15
23.29,27.34,34.41,26,6.36
24.52,31.05,40.0,18,5.96
20.79,31.49,39.84,25,9.65
23.62,24.67,66.25,52,8.68
18.75,23.19,17.26,50,8.41
20.21,19.74,43.2,36,3.7
20.56,21.23,62.26,8,5.69
19.97,10.59,46.22,51,9.57
19.62,8.45,52.53,53,12.02
22.62,14.97,46.0,2,9.36
21.68,13.64,38.33,68,12.01
22.57,11.37,22.58,7,10.16
23.04,20.57,47.05,13,6.14
22.4,22.64,37.24,2,2.6
22.99,15.71,37.0,23,9.32
21.9,26.82,40.01,12,6.58
20.22,5.87,62.45,42,11.55
23.59,13.45,69.05,28,8.57
21.12,9.27,47.17,71,14.47
20.6,0.07,40.35,50,18.91
21.73,14.34,33.23,41,8.4
20.63,14.03,49.69,30,7.67
21.37,27.11,62.83,62,11.34
22.52,20.05,42.53,25,4.92
22.52,6.81,21.21,17,14.41
20.65,29.83,51.7,56,10.79
21.27,24.77,54.85,6,5.22
23.61,19.66,29.14,47,7.54
22.74,13.19,46.76,79,14.65
25.11,7.32,49.51,59,18.47
23.77,12.02,44.27,32,10.35
23.72,23.71,37.09,2,4.74
19.92,30.08,55.16,3,7.04
23.15,27.35,40.97,3,6.87
21.92,11.09,30.15,41,13.31
21.17,6.04,24.51,8,12.48
22.25,16.13,57.61,50,10.28
23.42,0.85,51.17,16,13.8
22.75,17.59,45.88,16,7.13
20.68,13.82,40.6,19,7.65
23.11,11.27,39.71,13,9.3
21.04,2.24,34.24,21,13.69
22.33,19.11,40.69,51,8.55
21.54,10.74,23.8,26,10.89
21.67,5.64,37.64,42,14.58
23.15,-7.98,41.89,2,17.7
20.44,14.78,51.1,7,7.32
24.92,29.18,44.6,9,7.8
19.27,28.29,52.95,28,9.18
21.1,11.34,58.49,39,11.02
22.56,10.18,55.58,64,12.65
22.88,18.75,49.71,20,7.58
21.85,7.01,45.12,23,12.2
21.91,17.41,35.19,72,11.15
22.62,21.13,52.4,59,7.4
21.65,24.82,61.8,25,8.02
24.09,14.2,48.42,8,8.86
23.26,13.37,64.17,19,10.98
23.31,7.98,29.74,55,13.67
20.55,8.38,33.46,35,12.25
21.88,13.19,53.55,35,10.7
21.55,17.94,47.64,72,12.21
20.49,22.31,58.14,21,6.02
22.54,8.57,44.85,0,9.29
21.19,26.94,36.32,68,10.3
22.98,12.83,42.86,72,11.92
20.39,14.83,29.67,36,7.87
24.58,9.02,33.71,71,12.67
20.66,-4.39,54.72,12,17.58
22.33,22.07,53.73,42,9.18
23.19,20.89,48.63,36,7.1
21.14,12.75,27.79,73,12.83
23.28,15.54,41.42,24,8.98
20.16,19.13,32.75,20,3.78
24.18,2.5,56.77,40,17.64
22.02,10.77,39.16,72,15.1
21.11,21.35,34.14,41,5.24
21.55,4.97,45.3,41,14.41
23.21,17.35,38.6,1,5.97
21.12,4.15,59.84,67,17.65
20.88,18.73,37.65,7,4.92
21.67,14.71,31.01,60,10.73
20.23,2.08,23.47,13,14.62
24.73,24.32,44.69,76,7.63
21.15,9.12,39.38,20,10.7
23.25,8.52,30.71,23,11.81
22.31,16.6,56.89,49,9.13
20.52,24.19,51.67,44,10.95
21.99,6.87,44.72,63,15.29
23.18,15.49,58.64,63,12.55
21.72,18.43,51.63,25,7.98
23.79,20.54,36.77,31,6.8
23.53,16.41,34.61,56,12.13
23.38,12.06,53.18,52,13.78
21.31,8.38,48.96,32,11.65
20.38,15.69,46.7,51,10.51
21.08,6.42,36.54,17,12.82
22.29,-8.37,51.08,34,20.9
22.82,18.49,37.45,11,5.28
18.74,22.23,43.98,50,8.62
21.99,-3.9,59.47,9,16.74
22.24,6.92,38.39,51,14.34
21.58,19.95,29.27,33,5.59
23.94,31.46,34.47,66,11.18
22.63,15.17,54.94,38,10.27
23.97,9.18,47.55,7,9.05
21.68,13.54,43.71,28,9.3
23.41,26.0,39.91,21,7.07
24.45,9.83,49.85,69,15.5
23.97,8.61,36.51,60,13.63
20.36,11.14,48.06,42,9.99
21.62,7.37,37.69,48,15.12
21.48,15.98,36.02,28,6.85
22.73,28.0,38.63,30,9.47
23.03,17.58,41.25,52,8.96
20.74,12.98,44.51,33,10.83
22.1,12.67,47.35,37,11.2
18.97,2.49,15.0,56,14.04
24.16,22.06,36.92,3,2.59
21.23,14.38,41.08,1,7.25
22.08,13.56,60.05,11,8.73
21.54,40.54,34.2,34,14.94
23.72,17.39,46.63,69,12.02
17.74,8.99,59.95,71,11.23
21.98,11.59,31.87,20,10.02
21.84,24.19,48.94,60,9.88
21.32,15.91,36.98,34,9.25
24.59,3.49,39.95,47,14.88
20.67,22.35,36.97,14,6.68
23.16,9.65,37.68,70,15.06
22.53,29.99,72.22,14,9.08
23.89,23.64,53.44,5,3.19
21.0,11.42,56.02,67,13.75
20.9,25.25,49.92,21,5.11
23.64,15.54,28.94,31,8.23
22.64,21.82,48.95,21,7.09
19.68,18.88,55.73,26,6.87
21.19,8.23,36.47,14,10.71
22.58,9.85,54.65,43,13.69
23.26,23.24,52.04,8,5.56
20.98,12.32,63.52,33,11.07
17.63,11.77,40.82,72,11.03
22.78,7.36,34.02,14,10.38
20.17,18.39,41.38,61,7.9
18.97,31.5,59.36,44,14.3
17.75,6.46,26.72,71,11.92
23.22,15.19,24.32,57,11.56
22.19,26.3,45.89,18,7.39
21.66,14.36,40.57,15,9.7
24.08,18.62,45.08,74,11.9
22.96,6.5,54.45,7,11.2
24.42,18.43,39.47,32,8.04
19.91,13.5,26.27,73,11.38
21.95,22.89,65.44,17,6.95
19.57,24.5,35.03,34,9.09
21.66,35.72,34.41,42,11.48
21.63,19.64,56.04,49,8.5
22.94,17.61,41.16,2,7.15
22.07,16.56,44.37,58,9.92
22.94,12.17,49.83,27,7.89
23.06,17.71,55.84,45,9.16
25.23,12.64,41.67,63,11.92
21.53,16.35,60.2,69,9.09
20.59,25.54,23.64,46,10.08
22.37,6.95,52.6,13,14.66
20.8,24.12,36.6,6,7.1
24.22,25.54,58.72,73,6.45
21.58,14.06,46.42,78,12.33
21.15,-1.97,38.27,30,15.37
21.29,10.14,51.63,50,10.53
23.08,25.38,53.93,28,7.36
21.76,14.82,51.42,14,7.66
21.04,7.01,34.7,75,13.69
24.5,10.96,40.16,24,8.91
20.72,21.72,44.96,60,7.6
22.05,19.37,44.59,40,7.68
22.98,13.09,52.5,68,12.86
19.55,12.07,24.85,3,8.23
22.72,11.87,48.34,56,12.94
20.42,7.62,42.1,30,11.08
23.23,27.92,36.61,2,4.82
20.56,12.42,37.58,66,9.72
23.04,24.74,42.85,49,6.53
23.66,27.17,15.0,16,7.47
23.29,22.99,37.99,59,8.87
22.38,11.55,36.24,73,13.87
21.65,18.23,50.33,65,9.25
21.14,14.81,36.94,74,13.07
24.21,7.77,42.85,23,11.44
20.95,17.59,60.42,31,6.39
20.44,5.57,54.94,18,11.67
23.0,24.5,54.02,65,6.42
20.81,11.28,40.0,59,10.77
20.57,16.61,50.43,65,9.81
19.83,17.27,42.66,14,5.22
21.28,12.93,43.04,34,8.6
21.88,19.69,49.1,68,11.92
22.36,11.2,39.03,26,12.07
23.43,21.97,59.93,6,7.03
22.79,4.23,43.4,5,12.23
21.71,16.01,51.18,32,7.99
21.7,30.51,59.56,57,13.77
22.77,7.0,55.32,48,14.39
23.91,9.58,30.91,16,9.76
22.19,19.11,49.45,41,6.81
21.3,16.44,53.51,71,10.57
20.51,17.81,53.92,39,7.73
19.83,18.91,33.87,45,7.17
23.0,20.08,38.43,70,9.57
22.87,23.88,54.95,69,11.92
22.87,18.28,37.38,67,8.69
21.81,13.07,42.0,0,8.37
24.11,20.38,60.76,78,10.48
21.27,30.2,44.52,51,11.21
23.43,13.94,37.73,34,11.35
21.94,7.2,36.22,68,12.8
21.09,23.86,48.33,4,4.12
22.89,14.04,31.67,16,8.42
22.61,-2.38,42.53,52,20.3
22.54,21.78,48.33,51,9.4
22.12,10.72,57.99,13,11.44
21.94,14.28,51.68,28,6.55
25.58,17.66,37.86,7,6.37
23.78,16.52,56.78,0,5.9
23.08,20.68,42.0,28,6.61
22.17,11.52,32.64,35,8.51
23.51,19.1,43.28,50,10.45
22.78,12.92,59.38,36,8.45
22.04,20.91,46.65,68,10.21
21.54,19.92,45.13,52,9.09
21.88,7.52,61.37,51,12.64
17.24,23.69,30.69,11,8.64
22.32,10.71,32.14,51,11.87
21.27,21.46,28.84,0,2.81
24.39,17.94,48.73,6,6.55
22.03,29.71,46.66,16,7.87
20.22,13.21,60.43,42,9.71
21.93,12.21,47.43,70,12.72
20.43,14.84,40.96,16,6.18
22.71,12.57,45.02,58,11.51
22.44,21.4,46.18,2,3.61
23.44,2.07,28.28,28,17.01
20.81,6.57,72.1,21,11.28
22.05,6.46,50.2,37,12.6
19.95,22.6,47.1,53,10.43
23.05,28.68,51.15,49,9.35
22.78,14.16,52.09,68,11.35
22.74,13.65,43.59,29,8.45
22.0,15.56,38.69,22,6.32
22.62,24.3,50.99,46,8.39
24.41,7.58,48.86,20,10.54
21.57,16.91,36.9,19,8.6
22.21,22.8,59.19,22,5.59
20.37,19.01,47.93,67,8.5
20.7,16.52,52.3,20,6.79
22.15,23.01,58.92,20,6.23
23.66,-6.63,45.22,0,16.74
21.62,20.42,48.17,14,5.01
21.65,9.77,53.1,16,11.53
21.39,0.35,37.75,50,16.95
21.2,19.09,45.54,62,7.47
22.44,25.99,46.26,13,5.35
19.75,13.9,35.44,58,8.09
23.92,22.62,68.18,49,8.78
21.0,27.9,30.93,33,9.74
23.08,25.52,32.02,5,3.81
20.1,28.12,58.14,48,13.61
23.0,20.94,52.13,5,7.99
23.01,15.6,34.74,68,11.64
22.58,2.18,51.07,6,12.41
20.51,13.03,59.68,76,12.91
22.37,8.25,44.7,50,12.54
20.23,32.37,70.99,0,10.67
21.62,13.59,27.76,12,8.07
23.54,15.99,51.94,42,10.41
23.2,19.41,56.67,26,9.48
22.02,15.35,53.91,70,10.97
20.54,28.56,42.96,2,6.7
22.97,10.02,42.1,57,14.48
22.03,16.56,49.44,16,6.82
18.52,9.06,53.16,44,13.06
23.17,4.44,51.02,77,18.79
21.96,10.11,55.4,57,12.71
23.8,14.7,34.81,55,9.29
20.36,11.57,42.72,53,9.56
17.23,9.46,35.6,28,8.41
22.42,3.75,41.14,53,16.21
22.44,14.34,55.15,26,10.62
19.46,2.96,46.08,44,13.94
20.53,21.08,71.07,30,5.35
26.13,15.66,46.93,35,10.7
21.54,3.34,45.6,60,16.1
23.1,12.53,46.06,36,12.53
21.02,8.98,38.62,66,15.12
18.86,17.55,44.42,35,5.5
21.74,25.72,56.28,4,6.46
21.6,-0.0,46.14,45,15.54
21.4,15.92,37.07,78,10.49
21.83,13.72,35.75,51,12.0
22.4,20.37,40.5,48,7.64
21.77,16.71,45.74,5,7.09
20.1,8.98,56.94,9,10.13
22.73,12.45,31.6,22,9.55
19.08,8.63,41.8,16,9.85
18.92,23.61,46.44,43,9.06
23.11,15.17,26.66,40,8.39
22.76,30.21,36.66,14,8.47
21.91,14.51,38.2,43,9.07
19.91,9.33,37.04,57,11.02
20.94,2.89,46.92,49,16.28
21.61,0.57,43.39,51,15.98
19.61,2.33,39.45,69,17.53
20.89,17.14,49.28,67,11.44
22.98,19.07,62.23,62,9.46
24.14,2.35,61.39,57,19.0
21.37,22.16,25.77,22,4.81
23.13,11.14,50.77,43,12.09
19.13,16.17,43.22,43,8.58
22.99,27.9,46.55,51,11.92
20.79,22.17,41.02,66,9.99
22.46,12.85,46.18,27,9.84
21.63,7.87,46.51,66,14.63
23.98,-2.21,39.21,77,18.87
20.69,9.25,36.04,17,11.09
22.94,13.31,40.51,26,10.84
21.58,7.1,47.34,50,14.07
21.76,13.95,50.99,59,12.27
21.72,15.61,53.53,73,9.23
20.73,13.2,40.06,48,9.05
21.98,9.8,47.84,14,12.34
21.91,16.35,54.63,72,11.05
22.36,18.54,56.66,67,11.17
22.13,6.28,44.41,14,10.88
23.2,26.29,42.79,50,8.0
23.39,14.21,46.91,47,13.35
20.42,15.15,33.5,71,10.66
23.3,20.67,43.06,0,5.46
20.22,16.87,52.45,6,5.87
22.88,22.63,51.42,52,7.82
22.93,17.3,42.3,30,8.52
19.13,10.1,47.18,17,6.59
22.14,17.89,36.75,11,6.81
21.3,5.85,52.03,47,13.38
20.86,15.87,44.22,29,10.08
24.03,14.73,42.24,6,7.31
21.02,13.34,41.38,2,6.65
20.79,13.97,44.37,62,14.01
22.11,-0.05,40.52,5,14.8
23.03,10.61,51.58,14,9.16
21.79,15.74,41.05,70,11.45
23.75,16.28,60.93,42,8.75
22.8,6.78,59.65,17,12.6
18.73,25.13,36.08,21,6.92
21.21,8.07,45.7,60,16.03
21.16,22.76,38.49,60,9.0
22.72,18.42,41.73,52,9.83
18.06,9.83,65.02,25,10.57
25.82,29.2,41.92,39,9.15
22.8,5.45,48.6,7,11.2
22.22,22.35,50.41,20,5.33
23.77,23.0,34.99,42,6.28
25.52,9.64,36.45,20,14.61
23.31,26.14,32.94,2,2.17
23.42,13.0,36.14,30,9.64
22.2,17.31,16.5,26,7.17
21.79,17.08,50.45,26,7.86
21.29,13.93,65.54,72,12.48
20.76,21.49,46.48,56,7.89
20.97,21.35,30.84,32,5.68
19.97,1.01,38.57,43,15.41
21.89,25.43,40.41,42,8.7
19.47,1.7,34.82,30,15.77
22.29,23.26,53.6,64,10.86
21.95,24.01,53.1,75,10.34
22.22,6.27,33.45,16,11.2
21.22,11.71,52.25,14,8.53
26.62,6.15,60.27,33,13.84
24.04,13.28,64.03,79,15.48
20.13,12.54,73.65,3,7.68
22.35,21.24,35.98,71,9.53
21.09,25.48,73.24,78,11.94
20.48,26.17,41.46,27,7.23
19.99,10.5,39.08,72,11.91
22.65,13.33,48.27,1,7.45
20.98,1.53,39.18,16,14.04
23.45,8.55,48.99,57,14.33
23.49,22.72,31.8,73,6.82
24.06,27.92,42.61,8,4.71
20.72,5.13,57.86,30,12.67
22.71,10.26,44.43,65,13.78
22.95,14.79,46.42,61,12.26
21.29,17.24,49.75,18,6.87
20.84,8.52,56.71,73,14.07
24.41,18.39,28.45,54,9.44
22.34,11.21,50.85,27,10.9
22.95,14.88,42.32,49,11.2
20.77,19.37,46.67,64,8.41
20.17,15.05,55.6,2,4.98
21.15,11.51,33.06,78,13.17
21.81,14.12,34.87,51,9.77
20.4,14.29,25.65,9,7.11
21.99,12.04,39.51,20,11.24
19.47,12.93,58.3,36,7.71
20.32,27.79,43.79,14,9.38
23.01,19.49,31.6,77,11.01
22.91,12.64,40.14,78,15.01
21.41,20.58,30.12,73,8.42
20.47,12.33,33.75,8,6.0
20.46,24.38,48.89,43,8.73
21.44,17.96,33.26,38,9.41
22.97,14.14,56.13,4,6.82
23.39,18.58,44.29,24,6.42
21.26,2.43,45.86,55,16.71
20.27,5.99,42.22,63,13.86
22.4,5.45,52.73,71,18.39
20.76,16.14,52.83,51,10.22
21.22,28.86,48.35,75,11.55
23.99,32.85,50.65,8,7.63
23.24,20.1,42.88,9,5.05
22.24,19.01,50.42,9,5.79
20.09,0.59,41.62,72,17.8
22.32,10.66,45.02,61,13.47
23.59,8.7,42.25,59,13.12
21.44,10.03,40.43,18,11.08
24.03,13.65,38.11,37,10.48
23.94,11.22,49.68,5,8.7
24.5,-0.83,58.11,14,15.69
22.46,20.98,56.71,46,8.95
22.88,6.42,32.43,44,14.2
24.12,16.91,57.89,4,7.72
22.67,31.59,41.82,77,11.63
21.25,7.64,51.01,52,13.69
21.33,-5.24,35.94,65,21.24
22.36,12.71,46.42,61,10.14
20.06,23.81,48.14,22,6.48
21.79,30.67,30.15,43,11.21
23.64,5.16,51.08,51,15.84
18.71,18.97,58.46,45,5.92
24.3,11.28,43.25,18,11.25
23.68,14.15,58.6,46,9.99
21.31,36.15,43.1,51,12.86
22.82,2.98,53.5,23,13.42
22.0,17.03,22.81,16,8.55
23.84,18.74,69.19,45,7.48
23.47,23.69,59.95,63,6.49
19.9,15.78,42.15,27,7.71
22.88,17.46,25.28,49,9.37
21.69,11.87,47.88,63,11.99
22.12,17.15,30.56,27,7.6
20.91,12.25,49.45,55,10.21
24.62,19.97,49.12,58,10.0
23.56,12.04,35.59,4,9.25
20.89,18.02,56.21,53,10.3
20.0,14.77,53.06,43,11.45
21.42,24.01,54.76,41,7.53
22.65,14.59,45.09,71,10.75
22.36,0.82,30.84,56,17.54
23.88,25.1,54.78,46,7.43
23.18,7.75,42.3,75,15.61
23.45,9.77,31.1,24,9.37
22.49,10.23,58.52,43,12.52
19.92,26.0,65.99,14,8.21
21.71,-2.09,44.59,50,19.07
23.59,40.1,66.59,52,14.46
21.92,23.45,45.91,33,5.69
22.75,16.79,41.2,76,11.01
21.52,14.56,38.7,7,8.32
20.46,17.28,61.37,76,12.33
21.81,19.17,37.2,69,10.92
22.46,20.16,52.35,20,7.0
21.02,19.44,39.41,6,4.68
21.65,15.72,40.4,78,11.88
20.59,13.42,55.3,55,11.23
23.68,13.79,41.2,48,11.13
21.56,13.44,40.95,41,11.2
24.18,24.07,56.33,22,3.45
24.29,19.75,60.97,51,7.77
21.88,-8.52,51.45,78,20.93
20.49,20.25,38.45,52,6.36
18.87,16.56,39.89,15,7.3
19.79,14.85,45.8,36,7.0
19.94,11.89,48.21,17,7.15
24.07,23.99,35.12,19,3.9
22.17,22.58,52.23,45,8.45
22.58,8.82,45.86,1,11.68
18.67,18.26,27.84,62,9.16
20.2,7.23,35.71,2,10.81
23.33,3.96,39.96,45,17.45
22.43,9.99,44.27,48,10.47
21.78,21.9,63.89,0,2.54
22.85,22.63,47.38,21,4.44
24.45,19.1,36.59,13,6.99
21.67,20.8,47.21,44,7.3
22.1,19.13,41.48,5,5.45
22.29,9.87,48.25,64,14.79
25.59,18.46,50.81,20,6.07
18.85,21.4,57.09,3,5.05
23.02,21.03,44.76,2,5.03
21.83,24.51,61.39,29,6.77
22.85,20.67,54.08,30,7.12
21.01,17.81,37.93,33,8.55
21.93,23.56,67.1,19,6.15
23.07,14.79,48.27,53,13.73
26.67,7.95,36.65,24,14.8
23.21,13.7,61.53,14,9.5
20.73,9.04,65.78,37,12.44
21.36,9.6,44.67,22,11.4
21.32,13.84,39.96,51,12.56
19.31,8.66,43.28,65,14.4
21.5,12.54,52.15,56,12.36
23.1,-0.15,57.78,56,17.37
20.09,16.71,50.7,78,11.24
23.57,15.01,46.02,51,11.81
22.73,8.46,59.98,34,13.63
20.9,20.27,41.87,73,8.14
21.79,22.5,55.31,13,5.95
24.4,2.14,42.12,13,15.52
23.1,8.9,49.31,32,10.92
22.01,8.85,43.86,51,11.71
21.64,7.48,44.44,0,11.38
22.11,21.64,41.23,33,5.12
21.23,13.45,58.45,18,10.48
18.84,12.88,37.67,23,7.52
25.06,-1.03,37.6,3,15.98
22.23,20.08,66.21,35,7.81
22.6,5.09,54.78,76,16.16
21.91,15.48,21.15,57,11.87
20.9,17.22,39.35,31,7.08
21.72,25.89,26.88,8,5.91
19.6,4.53,35.49,79,13.47
25.42,-9.16,15.0,66,21.78
20.15,16.47,43.63,19,7.99
20.45,29.4,33.58,73,12.64
21.34,24.91,45.6,61,8.86
23.93,16.68,28.75,57,10.0
22.02,11.07,45.83,21,10.75
20.15,21.46,40.85,66,10.34
23.88,7.21,60.02,74,15.91
23.1,18.81,59.11,47,10.42
22.81,19.04,52.85,7,5.78
23.07,23.48,41.73,72,9.45
25.59,37.08,64.85,14,7.99
25.28,18.14,29.47,31,6.9
20.97,10.93,30.96,52,12.61
24.44,14.8,44.16,66,12.95
22.57,0.85,67.54,3,14.48
22.75,9.44,42.98,29,10.37
19.46,11.73,43.17,12,7.46
21.74,10.81,30.58,20,7.77
20.78,16.22,54.46,40,7.65
23.24,8.42,54.53,18,11.72
23.61,23.97,52.89,47,7.64
18.89,15.0,38.71,62,8.81
21.97,14.93,37.93,19,8.73
23.68,12.38,32.07,63,12.93
21.72,16.24,45.84,36,8.4
23.09,21.6,34.2,30,6.39
22.53,8.06,33.23,73,17.64
22.51,9.74,40.76,17,10.36
21.59,12.57,40.11,19,10.13
20.18,4.23,39.62,10,12.12
20.32,8.45,49.66,43,11.8
23.06,11.19,45.79,63,11.58
22.03,22.0,42.12,33,5.2
21.79,17.1,46.83,64,10.39
21.36,16.55,35.08,54,9.35
21.54,21.81,46.05,73,10.48
23.57,13.9,46.51,0,7.17
21.5,18.12,29.97,37,7.38
19.99,14.17,54.96,8,7.64
23.12,17.12,36.19,70,10.81
21.69,10.34,45.9,16,11.09
22.05,-4.51,56.64,51,18.07
24.41,13.93,54.26,17,7.9
21.97,26.38,45.34,62,9.66
22.43,22.41,41.38,32,5.79
20.23,22.72,54.48,3,5.41
21.67,24.89,51.75,74,10.57
22.91,15.71,38.82,51,9.9
19.67,16.58,37.05,8,3.7
22.3,10.06,24.28,63,13.14
22.15,12.47,46.54,29,8.84
22.06,19.93,44.17,7,5.2
23.56,24.63,56.36,4,3.28
22.5,13.88,48.59,75,13.31
24.22,11.4,58.34,62,15.99
20.51,15.0,38.03,0,5.18
22.2,19.81,56.38,14,4.39
22.13,3.45,39.71,37,15.96
20.4,-3.37,52.78,41,19.48
23.43,10.6,30.41,45,10.89
25.49,5.23,47.35,52,16.35
21.97,10.93,25.15,25,10.68
22.76,13.82,42.33,60,11.55
22.13,11.37,49.4,66,11.1
20.93,26.62,39.79,53,8.22
19.27,17.61,34.5,21,4.21
20.94,17.4,53.46,25,5.9
19.91,19.98,43.97,59,7.92
24.56,5.89,40.1,38,15.98
21.83,23.31,45.42,35,5.17
21.48,14.39,71.37,20,7.72
23.33,20.36,56.54,40,6.65
20.32,6.43,56.63,47,13.74
20.85,2.57,49.36,25,12.73
22.1,21.54,46.66,62,7.08
23.54,18.01,21.04,76,9.21
22.75,7.78,38.21,35,14.39
22.37,8.04,40.19,23,14.29
22.12,24.0,26.25,20,5.74
22.6,5.48,33.43,17,14.18
22.3,28.14,25.19,14,6.31
20.46,7.8,44.62,78,14.83
22.07,20.11,53.19,5,5.81
20.39,12.37,56.07,42,9.49
22.12,19.83,49.15,30,6.68
21.28,10.65,35.37,27,9.87
25.81,13.7,25.68,7,9.85
21.94,15.33,27.43,28,8.42
19.89,6.98,32.31,20,9.82
21.8,20.93,36.11,57,7.56
22.78,10.89,43.4,59,14.47
24.51,13.17,34.86,49,12.71
21.12,7.05,48.39,30,12.71
19.63,-5.5,42.68,46,20.87
23.23,13.47,45.11,33,9.02
19.93,34.3,56.4,1,11.24
21.35,21.28,33.2,66,8.21
21.61,14.85,49.19,71,12.17
21.9,12.9,44.86,51,11.51
23.03,15.18,41.67,6,6.74
20.97,19.38,53.85,75,8.53
21.59,5.55,53.79,18,12.28
21.98,23.91,35.54,14,4.45
22.22,20.72,43.18,77,9.27
22.15,20.75,47.81,47,8.6
22.65,18.51,42.27,13,4.94
23.27,15.16,50.85,2,7.32
22.59,20.38,47.81,49,9.41
22.68,19.73,63.33,53,8.38
19.63,12.17,29.7,5,8.92
22.08,10.41,43.78,48,10.4
22.72,15.81,35.91,22,10.37
23.09,27.39,51.04,77,11.11
20.96,5.09,28.83,77,14.37
21.01,3.26,48.46,19,14.04
21.14,16.32,38.7,76,11.59
22.8,15.41,37.66,59,12.68
23.55,16.39,30.54,44,7.92
21.39,16.95,40.35,60,8.49
23.36,13.21,55.85,55,13.18
22.19,26.92,44.75,1,8.93
21.81,2.19,51.28,44,16.37
21.68,8.37,61.65,39,13.52
23.12,14.17,47.64,23,8.44
22.49,1.85,39.41,28,14.62
25.41,13.59,49.67,66,12.94
20.72,28.29,39.56,67,12.29
22.78,15.17,39.96,65,12.69
21.21,16.85,29.8,53,9.34
20.7,4.92,54.26,52,15.51
21.98,10.07,41.14,78,14.4
22.21,12.0,46.82,48,13.25
26.38,12.46,34.64,31,10.92
21.72,25.25,49.36,60,11.23
20.3,19.46,37.38,41,5.95
22.41,6.11,43.58,0,11.01
18.89,16.97,53.78,62,7.58
21.86,18.99,52.91,34,8.08
22.02,24.12,44.78,50,8.27
23.19,27.64,27.32,70,11.2
23.46,6.88,74.93,44,12.58
21.24,8.51,62.46,76,15.15
21.77,4.94,52.23,64,16.32
20.85,13.13,37.47,13,6.76
20.31,18.73,43.86,2,5.15
22.46,22.9,39.57,23,2.64
20.09,14.39,57.64,64,10.76
21.38,12.44,47.63,47,12.72
20.51,16.21,37.16,9,5.96
22.82,8.32,40.29,12,10.11
24.7,31.72,56.21,72,11.96
20.05,2.14,61.0,13,13.0
19.22,16.48,60.28,9,6.84
21.81,31.19,52.57,39,10.89
22.02,15.05,42.47,22,9.23
22.33,13.48,15.0,54,11.06
21.33,12.14,47.97,62,11.3
21.7,13.56,44.98,70,10.56
22.55,25.98,46.4,41,8.56
23.56,-2.69,45.54,65,17.08
19.07,27.27,31.74,78,10.51
21.45,3.61,50.57,72,15.15
22.32,12.87,51.32,46,12.1
20.62,11.57,51.82,51,9.64
24.6,19.71,54.47,17,7.77
21.05,2.22,51.04,78,16.46
21.94,18.7,40.9,17,6.09
22.83,31.19,44.29,23,8.96
21.11,4.09,45.91,22,12.69
19.23,16.52,46.08,11,4.91
21.36,9.7,54.98,22,8.73
23.54,18.41,51.44,20,7.52
21.49,15.15,65.77,63,11.92
20.73,9.87,67.06,71,14.68
23.39,18.9,45.8,33,8.11
21.5,29.43,15.0,1,7.05
21.23,13.47,57.37,68,11.19
22.22,20.76,39.6,30,6.89
23.16,4.65,36.99,67,17.07
25.57,7.35,41.02,69,16.29
23.24,18.78,40.53,18,6.93
23.74,26.87,51.12,71,10.11
21.24,17.84,29.41,12,6.36
20.46,12.5,34.22,64,9.73
22.09,14.99,48.43,5,5.39
22.16,5.0,51.23,70,14.58
20.38,19.84,51.42,26,5.3
21.74,22.06,37.13,78,9.71
22.6,11.38,35.22,51,9.45
22.54,11.24,39.93,47,12.09
22.76,17.13,47.4,78,13.14
22.44,11.51,59.85,67,13.83
21.24,14.47,24.53,43,7.0
21.23,31.8,42.79,16,10.14
20.2,13.02,31.67,37,9.59
24.68,12.13,28.48,9,9.29
22.02,9.82,54.67,53,13.24
21.66,20.95,50.45,5,2.75
20.61,13.55,49.49,5,7.33
26.4,9.81,54.21,51,15.43
20.39,25.57,40.2,14,6.08
21.36,26.36,40.67,67,9.99
22.62,10.2,66.86,56,12.83
22.9,0.07,42.53,55,17.19
23.44,23.06,52.35,6,3.38
24.71,9.52,45.06,50,13.09
22.76,21.33,26.52,57,8.65
20.42,-0.76,24.55,63,15.22
21.61,22.14,39.21,25,5.79
22.46,5.31,55.56,57,16.16
25.1,20.85,52.88,30,6.19
19.9,15.11,54.14,65,10.43
23.8,7.37,35.13,12,10.66
22.27,11.74,61.16,17,11.21
23.26,20.49,35.35,74,9.71
21.85,15.85,47.13,12,9.01
20.74,19.68,44.9,23,7.35
23.13,30.81,43.26,56,11.4
22.98,2.49,58.39,28,17.63
23.46,27.94,37.95,55,7.55
21.98,15.83,31.5,53,11.68
21.1,7.81,45.2,4,9.62
19.66,4.36,41.0,34,12.73
23.23,13.49,78.77,18,9.27
22.64,22.37,51.77,54,5.93
20.55,13.98,40.91,76,12.57
21.19,27.09,34.44,68,9.44
21.3,3.39,26.2,43,13.75
19.78,14.9,34.75,77,10.45
20.77,4.98,46.15,37,14.58
20.3,17.91,59.27,61,9.15
21.38,22.1,56.22,21,2.7
20.89,11.63,47.29,72,11.84
19.56,-5.83,41.77,39,15.91
25.03,16.59,47.69,25,9.87
23.88,18.49,39.81,4,4.88
20.83,18.23,62.18,53,8.08
22.41,24.89,43.11,48,10.22
22.63,6.43,44.14,2,11.85
23.79,20.44,22.84,37,6.04
20.77,24.54,43.05,13,7.24
23.64,0.77,53.36,46,16.45
21.18,17.56,34.32,13,7.04
20.0,10.97,37.49,74,12.31
23.09,14.35,52.93,72,11.61
23.94,17.78,30.23,37,7.55
25.88,11.1,55.58,63,15.24
20.2,9.59,39.68,43,12.47
23.05,15.27,41.11,69,12.39
21.39,6.3,33.76,64,14.25
23.18,6.31,48.78,24,10.84
19.79,20.43,69.6,15,4.62
20.11,5.81,52.81,14,9.7
20.84,20.33,36.36,2,5.56
22.12,18.7,56.36,66,9.53
21.04,1.19,41.83,36,15.44
22.99,9.58,58.74,54,13.28
23.54,24.55,53.07,37,7.36
22.9,7.15,15.57,62,15.52
24.43,11.28,34.96,0,12.23
22.62,18.7,54.44,70,9.94
20.17,21.27,46.52,18,6.7
24.05,12.99,34.76,51,12.4
21.09,10.22,38.66,29,9.81
23.37,26.38,25.94,54,7.92
24.36,28.91,44.12,13,7.18
22.69,22.83,67.11,12,4.56
19.76,15.68,53.05,26,7.57
20.62,8.53,66.9,8,10.8
23.98,8.36,53.82,40,16.63
21.75,19.18,55.27,47,8.31
22.12,18.35,64.74,11,5.08
23.14,26.21,48.77,9,6.22
23.04,20.2,43.13,5,4.69
22.42,2.98,55.33,33,17.16
21.69,23.42,59.54,51,7.64
21.53,7.02,40.2,40,12.96
23.29,11.93,37.78,5,9.78
22.83,17.0,46.39,1,6.98
21.61,30.97,53.31,14,10.66
23.62,39.88,52.98,16,13.03
21.81,19.85,30.76,15,8.2
20.72,13.53,64.12,27,9.63
20.86,19.28,38.59,71,10.82
20.53,22.1,42.35,9,4.41
21.59,12.43,35.97,9,10.66
23.85,29.36,71.98,9,6.77
20.79,16.84,47.42,72,12.31
22.28,18.98,36.49,27,7.99
21.01,20.33,53.64,23,5.8
21.61,18.37,52.69,18,8.3
19.73,21.71,43.12,67,9.21
21.67,10.06,53.41,55,14.52
21.71,10.53,36.75,66,13.65
22.81,6.2,40.07,41,13.49
22.33,18.52,24.9,11,6.25
20.2,21.23,31.76,17,5.17
23.63,18.66,63.08,22,7.19
22.32,28.4,61.41,5,7.29
22.3,14.96,45.66,52,11.11
21.99,20.35,61.63,41,4.59
21.22,6.27,43.4,65,15.53
22.33,11.9,42.57,29,11.25
22.71,20.56,45.57,8,6.95
19.38,21.79,43.75,41,6.13
21.19,12.65,42.85,33,8.58
21.62,14.43,56.43,39,10.06
22.38,2.86,46.5,16,12.75
23.79,12.14,52.12,28,9.55
20.84,22.12,55.31,49,7.34
21.25,19.6,48.88,75,9.29
21.23,19.01,35.3,48,6.67
20.8,15.4,31.47,72,9.72
21.48,15.06,46.49,60,10.64
23.16,9.72,43.29,45,11.11
20.42,20.59,45.87,45,5.16
22.64,18.37,44.84,16,6.8
19.45,18.94,70.84,65,10.65
21.16,10.79,31.7,4,9.3
21.51,-2.23,25.1,53,19.23
24.51,23.78,48.32,15,2.94
21.59,11.17,41.24,6,7.04
18.7,8.1,48.16,7,9.0
19.0,20.55,50.84,71,10.43
22.05,11.86,57.84,37,11.81
22.92,23.48,29.93,53,5.8
22.56,19.94,39.43,75,11.39
22.25,20.47,49.29,14,5.42
23.74,4.07,52.7,49,17.01
21.19,24.7,66.93,55,8.71
23.34,17.09,54.56,8,5.34
19.55,12.05,44.43,7,8.55
20.64,16.15,36.1,18,7.39
19.29,0.79,39.36,50,13.92
21.59,18.27,39.07,71,9.25
21.93,6.77,51.55,56,15.34
22.17,4.18,47.57,67,16.75
22.09,2.82,31.76,30,14.85
20.61,23.9,40.64,2,4.6
21.71,9.97,53.78,42,13.74
19.75,27.27,48.52,28,8.94
24.04,10.71,50.69,9,7.55
21.54,1.34,48.83,11,13.72
21.27,6.07,61.26,45,14.63
24.38,24.89,47.36,29,6.32
20.14,13.75,41.14,31,8.15
20.31,10.61,35.84,72,10.6
20.36,16.28,47.5,46,7.99
21.9,19.01,20.59,62,8.28
22.65,23.94,43.16,25,5.19
23.11,26.59,42.94,2,6.08
25.86,12.12,31.36,22,10.79
18.63,4.39,35.72,74,16.78
22.91,11.69,53.1,73,13.69
21.16,17.08,47.31,49,10.44
21.12,7.29,46.02,35,12.62
21.07,7.34,48.06,12,11.05
20.64,17.75,45.93,28,6.13
24.53,14.61,57.43,37,9.29
23.26,15.26,46.23,76,12.53
22.03,8.93,30.42,4,11.66
24.03,13.16,61.3,19,9.59
19.73,7.61,48.7,77,13.84
20.0,22.12,39.11,13,5.24
18.73,23.28,32.47,7,8.15
20.95,0.23,48.96,47,17.29
22.24,7.56,43.83,12,12.56
22.15,3.03,60.74,23,11.75
22.22,9.8,41.54,78,13.68
19.88,14.33,36.63,64,9.58
23.2,3.4,53.96,33,16.39
22.36,7.63,54.25,50,14.74
23.1,6.97,46.69,2,12.37
19.16,16.66,51.76,77,8.04
22.47,15.55,44.62,57,12.1
20.22,9.23,47.34,71,14.42
21.4,16.41,56.65,54,8.77
22.8,10.63,51.25,79,14.54
22.14,12.83,43.31,41,9.64
20.72,28.39,58.52,20,8.61
22.01,25.72,21.35,9,6.16
19.7,4.6,65.52,56,16.38
23.73,21.64,27.94,24,4.91
21.69,21.49,38.73,55,6.96
23.68,5.81,44.59,37,12.97
21.21,21.55,43.54,60,8.93
21.21,27.3,55.06,46,7.9
20.85,6.02,34.42,53,14.11
23.31,7.66,47.61,45,12.44
20.94,23.14,39.22,67,9.33
22.97,17.17,47.95,3,7.92
21.43,19.41,44.35,65,8.51
19.04,17.72,45.93,42,7.48
21.14,18.13,39.5,61,8.15
20.23,4.39,39.9,3,10.8
22.05,23.38,47.87,64,6.93
20.21,24.36,54.44,61,10.8
23.39,13.16,39.02,1,7.76
21.86,14.65,36.31,8,7.1
21.73,2.75,51.13,56,16.31
22.98,19.11,44.67,44,6.13
23.45,19.58,53.3,17,5.9
21.97,14.5,35.94,47,10.35
20.84,23.99,27.21,41,7.5
19.34,12.33,39.67,40,12.16
20.97,19.52,37.34,74,10.9
21.07,6.84,44.21,57,14.22
22.16,14.81,38.63,41,8.53
21.48,13.61,52.41,34,9.12
23.03,16.8,42.12,37,9.81
21.08,12.04,46.5,66,12.48
21.91,13.95,46.58,40,11.61
23.78,21.61,46.95,49,8.19
22.51,11.51,44.76,71,13.73
21.91,2.15,50.11,78,20.05
21.1,29.0,37.04,44,8.87
21.05,26.05,58.99,70,13.12
20.72,4.66,42.63,18,13.05
21.19,20.52,31.88,16,8.78
23.13,10.98,46.88,64,12.81
21.67,17.11,36.49,76,12.87
19.98,17.35,51.65,55,8.97
24.65,13.12,67.1,40,11.77
22.48,8.73,37.13,41,12.98
19.89,9.48,48.32,5,8.91
21.34,7.67,27.44,68,13.39
22.17,8.35,49.54,74,14.98
24.56,14.46,36.14,72,13.49
20.34,9.27,38.75,39,10.78
23.46,20.46,33.99,40,8.31
24.1,26.9,52.32,8,5.25
21.06,10.36,55.07,7,9.68
21.58,16.92,45.23,43,9.19
20.45,19.0,36.36,57,8.73
21.69,18.78,60.9,66,8.23
21.95,15.61,37.5,12,8.57
22.99,20.94,23.38,18,4.49
23.64,18.86,49.58,48,9.03
20.88,5.1,33.95,79,15.36
19.05,21.95,54.89,77,10.61
21.97,22.1,41.19,29,5.57
22.44,8.89,51.04,65,15.19
22.37,15.3,59.02,76,12.44
21.51,20.47,32.91,58,7.55
22.19,13.33,39.34,52,9.06
24.27,23.58,44.24,51,8.61
22.57,33.91,60.38,30,11.73
21.44,8.71,38.42,14,11.39
21.25,3.95,39.05,19,12.48
21.75,17.43,49.78,4,6.4
24.46,20.77,39.23,6,4.88
21.73,13.15,46.53,17,7.85
21.97,26.63,29.48,55,9.05
21.28,4.29,67.14,74,17.94
23.65,20.54,31.52,44,7.62
24.94,10.15,41.78,27,12.11
22.68,28.76,44.68,49,10.13
22.12,30.94,64.13,1,8.03
22.06,8.87,31.75,67,15.32
18.42,10.6,64.84,76,11.91
23.12,21.88,52.57,23,6.08
22.2,11.9,49.17,47,12.23
22.64,14.64,35.15,44,8.24
20.93,15.2,50.71,57,10.65
21.42,-0.36,37.77,35,17.43
21.38,14.89,57.67,1,6.44
23.53,9.48,35.29,17,9.74
21.43,11.06,43.87,48,12.25
25.12,26.55,39.45,7,4.94
22.65,4.95,35.12,57,17.31
20.09,21.51,52.41,14,5.93
21.81,12.77,50.35,16,7.81
21.02,12.76,57.09,22,7.93
18.71,21.32,27.2,65,10.17
24.4,17.72,55.64,69,12.1
23.05,19.56,70.05,26,7.37
22.8,22.75,40.48,36,6.36
22.25,12.35,63.95,48,12.3
19.93,10.1,42.37,63,12.91
21.27,6.32,31.28,33,10.7
23.26,8.4,41.94,17,12.97
20.42,38.59,55.48,63,17.96
18.2,24.96,36.62,73,13.87
21.66,4.19,39.0,43,16.37
21.79,4.42,50.94,16,14.41
22.2,18.85,45.03,58,8.9
23.09,19.38,50.85,12,6.64
22.96,19.39,47.38,51,10.29
22.39,12.96,49.8,59,9.96
23.79,14.0,40.68,41,10.63
19.72,17.62,47.32,63,7.02
22.76,15.69,35.73,65,11.6
22.94,-2.75,57.88,33,19.26
20.14,13.16,38.66,70,11.64
19.75,8.19,56.29,63,12.77
20.88,16.4,42.66,32,8.24
21.01,38.88,47.02,11,13.01
23.13,17.94,40.05,75,11.77
21.08,12.49,34.84,18,7.19
20.72,22.37,27.55,8,5.01
21.08,18.86,34.45,73,9.85
23.68,18.36,41.76,16,8.28
22.02,19.85,47.12,49,8.02
21.73,31.45,55.1,38,13.23
21.83,5.95,40.54,40,13.65
23.94,18.79,36.18,9,5.92
20.88,7.59,30.57,11,9.0
23.97,19.44,49.8,78,10.63
22.32,7.65,58.83,14,10.5
21.76,11.66,57.66,27,10.11
25.75,12.64,52.1,3,11.92
20.42,22.81,51.39,35,5.55
21.47,22.35,61.98,64,7.14
20.15,5.03,48.32,46,13.47
23.43,15.44,51.46,38,8.39
24.53,9.32,41.79,37,11.88
24.5,4.93,31.38,43,15.7
23.84,13.26,38.16,50,11.77
21.7,12.53,44.91,25,10.08
21.45,34.41,45.61,35,12.68
19.49,18.46,64.26,68,10.8
25.05,3.98,45.81,0,13.63
22.7,10.48,56.79,52,14.44
21.26,23.17,40.65,5,4.95
23.99,31.71,41.88,36,10.09
20.54,2.31,31.71,1,12.2
22.61,-0.04,37.58,68,18.86
21.74,29.97,50.27,40,10.5
22.96,18.12,45.08,50,11.54
21.9,8.05,54.43,46,14.11
19.82,19.28,46.81,12,4.25
22.11,-6.09,41.48,75,24.37
23.57,15.03,66.48,68,12.15
21.96,17.62,44.06,65,10.15
23.16,22.39,56.63,58,7.26
20.43,6.89,40.99,67,15.26
21.96,15.69,52.1,58,12.69
21.06,7.6,54.28,9,8.71
23.12,17.04,47.08,12,6.95
22.05,7.84,21.46,1,11.13
23.04,11.74,45.18,14,8.47
23.63,7.03,57.3,45,15.17
23.04,20.21,50.27,56,7.39
22.41,21.87,49.46,9,5.11
20.5,13.12,27.78,21,8.3
22.0,15.31,37.8,78,16.02
21.2,3.41,49.11,76,17.96
21.48,12.6,49.1,7,5.62
21.44,14.6,57.15,20,8.25
20.53,35.97,43.55,21,13.06
19.06,6.1,49.06,44,12.15
21.0,26.71,45.16,39,8.43
22.29,22.97,35.13,21,4.82
19.98,17.25,22.44,29,7.25
22.02,29.07,49.31,61,9.67
24.85,17.98,46.74,72,11.16
23.53,18.11,38.82,44,10.34
24.47,14.58,28.81,34,9.68
22.59,24.79,51.3,41,6.97
23.75,23.77,42.34,4,2.27
20.91,9.99,50.57,26,11.27
21.03,4.45,63.64,69,16.76
17.89,13.38,23.59,61,10.82
23.78,8.6,38.0,31,12.44
24.31,14.49,42.91,7,8.93
21.17,24.9,59.55,17,7.13
21.62,11.34,28.64,77,11.73
20.87,14.66,64.36,14,10.56
22.57,15.46,46.36,25,9.82
23.69,21.79,44.04,52,8.25
19.39,-2.98,43.02,43,16.45
22.61,10.15,40.64,31,12.98
21.58,16.69,55.48,27,8.04
22.17,24.6,34.31,38,8.36
22.69,11.06,48.45,31,10.43
21.72,-0.01,41.16,76,17.67
21.84,19.96,37.38,78,9.68
21.68,9.92,70.86,17,10.56
23.46,5.48,49.19,69,17.16
22.63,10.01,51.13,10,11.91
22.33,13.52,56.38,31,11.31
20.09,10.16,30.79,19,10.84
21.43,-2.64,62.52,39,16.62
23.35,22.18,19.91,7,3.96
22.06,25.2,37.31,34,8.52
22.99,20.21,40.41,68,11.07
24.65,5.9,50.82,77,18.48
23.56,13.39,47.19,20,9.01
22.14,14.95,43.33,23,7.25
21.23,19.79,44.88,16,5.72
18.17,20.35,35.22,17,4.63
21.75,9.13,30.03,11,10.45
21.51,15.66,52.27,15,8.97
22.59,18.66,51.94,3,5.98
21.77,26.65,60.84,33,6.85
21.52,20.64,37.1,45,6.49
19.33,21.31,51.93,74,10.89
20.59,15.67,42.16,76,11.73
22.71,26.28,56.9,30,8.22
24.57,18.28,55.22,24,10.46
21.85,8.11,47.11,73,15.42
22.49,26.23,41.6,23,7.3
23.43,20.58,54.61,64,10.61
20.78,11.46,51.47,24,8.24
22.55,11.16,38.16,27,10.05
20.89,17.37,31.72,35,6.62
23.3,18.71,42.11,5,6.83
22.23,16.58,60.15,65,9.89
22.45,17.49,56.46,66,11.37
20.83,28.6,33.88,71,11.72
23.06,23.57,33.32,47,6.59
25.13,16.53,57.75,69,13.66
20.49,22.53,33.64,77,8.22
21.49,6.74,50.09,66,14.42
22.35,18.18,38.84,47,12.26
23.18,29.47,61.17,64,13.45
21.16,13.26,37.3,43,7.95
17.75,8.22,56.43,62,11.87
24.04,9.78,46.85,45,13.34
23.14,6.28,47.52,18,10.87
19.39,8.72,25.3,63,15.01
21.09,12.04,22.97,72,12.49
24.35,3.76,42.79,70,17.59
24.17,15.12,47.47,49,11.67
23.41,22.22,33.75,62,8.82
21.74,7.74,34.11,40,11.59
22.12,27.15,50.61,6,8.02
21.8,19.09,50.63,8,5.74
23.69,23.24,43.62,3,5.64
20.69,9.74,52.8,48,11.39
20.79,21.84,33.26,75,7.06
23.52,6.26,41.44,5,13.46
21.93,22.12,61.48,20,6.3
24.07,16.37,45.68,14,9.53
20.99,19.43,46.26,66,10.49
21.92,5.6,68.06,65,15.94
20.62,7.84,31.01,55,12.62
22.01,19.78,52.96,67,9.38
19.78,7.41,61.64,31,12.32
21.27,18.71,41.75,65,9.66
19.85,4.06,53.6,28,10.67
23.04,21.79,35.18,65,8.5
23.07,5.14,38.13,33,15.65
19.4,19.42,48.85,26,5.56
24.0,20.01,52.99,59,12.39
25.75,9.43,56.21,38,12.69
22.07,19.66,60.7,43,8.42
21.04,17.08,44.33,35,6.71
26.24,10.69,56.94,18,11.08
20.02,6.93,41.58,44,11.58
22.03,-0.7,54.02,20,18.09
22.27,17.8,47.07,22,6.96
24.02,2.48,49.46,26,14.41
22.54,15.76,49.24,71,11.75
21.25,12.89,28.95,18,8.19
20.57,20.43,33.76,40,7.34
21.49,12.58,46.03,25,7.0
20.49,12.36,28.13,27,7.82
22.07,20.85,53.31,63,9.77
21.15,17.68,53.72,67,9.47
19.76,17.53,48.27,79,9.35
23.88,18.75,33.79,50,8.36
21.25,2.72,58.8,73,18.2
20.1,21.05,65.37,47,8.52
21.75,19.9,46.47,9,6.31
22.1,6.87,50.11,72,14.25
19.38,13.05,47.02,38,7.75
22.5,14.69,50.3,18,9.89
20.43,13.92,43.8,63,11.24
24.57,17.67,44.65,18,7.31
22.79,26.45,54.06,75,10.52
21.4,23.65,68.46,61,7.83
20.88,4.5,31.0,12,11.04
21.84,19.98,43.96,24,6.37
22.92,25.63,33.2,41,8.01
21.96,18.09,60.92,38,8.21
21.67,23.73,39.12,29,6.31
22.09,31.1,30.57,4,8.67
21.09,23.19,51.38,17,5.78
21.49,16.99,62.44,20,6.82
18.87,23.36,51.64,49,8.31
23.46,16.16,47.05,5,5.22
22.45,15.19,49.09,49,11.21
20.84,12.19,59.15,79,15.07
24.85,27.51,36.26,65,8.3
22.13,8.45,43.88,0,8.29
20.45,27.26,40.47,56,9.85
23.29,19.0,33.32,29,7.81
22.6,3.81,41.72,57,15.47
22.59,17.94,56.08,51,8.88
21.36,-1.8,50.67,36,16.6
22.68,20.0,51.44,47,8.38
21.61,22.08,46.46,0,4.35
22.83,10.26,50.23,18,10.32
19.14,15.99,36.99,45,7.75
21.35,30.63,41.9,66,10.12
24.58,10.95,46.92,1,11.03
20.85,6.53,47.78,55,14.31
21.09,26.85,48.2,16,9.25
21.33,30.7,43.62,78,13.95
20.18,15.03,41.23,21,7.32
18.69,23.09,76.58,26,6.17
21.65,25.73,54.07,54,7.47
22.2,9.06,49.13,31,13.08
21.92,11.12,42.67,59,13.31
21.78,24.85,40.49,27,8.63
22.06,28.48,43.69,27,9.55
23.53,19.5,47.93,73,10.2
21.71,7.96,26.2,24,8.5
21.14,30.9,29.31,77,13.95
21.58,10.75,38.63,25,8.98
22.87,12.32,47.07,74,13.41
24.12,17.74,42.61,70,11.9
21.06,27.43,59.78,16,7.13
22.15,21.83,30.18,6,3.02
22.51,18.32,37.49,55,8.93
20.51,18.71,60.2,63,6.67
22.03,15.35,46.31,19,6.79
19.8,19.47,53.85,37,5.29
19.35,-5.24,65.51,74,19.94
22.55,12.63,38.06,57,10.89
21.42,16.93,44.01,15,6.11
22.3,5.79,42.28,50,14.03
21.97,18.09,25.45,26,9.5
20.54,13.36,41.9,50,11.28
21.93,29.04,53.81,74,12.04
20.15,27.58,50.41,15,8.69
24.09,11.27,51.19,59,14.77
19.97,13.79,41.24,75,11.99
21.71,14.41,38.44,39,8.35
20.44,11.39,57.69,66,12.39
22.86,16.56,40.03,1,5.33
21.5,8.93,47.94,47,12.27
21.22,5.96,46.63,51,13.95
23.28,19.98,59.62,23,8.25
22.04,20.04,54.71,77,9.16
22.77,8.57,32.05,1,8.9
20.53,22.16,33.12,64,7.85
19.89,9.95,50.79,19,8.84
22.16,17.03,44.36,33,7.9
21.52,21.56,40.45,40,6.82
22.94,14.73,55.16,40,9.38
21.88,18.64,46.87,74,10.48
22.31,10.87,45.52,22,10.52
19.56,13.43,52.8,37,9.81
24.83,13.35,41.25,43,11.54
21.75,9.03,60.69,66,15.26
23.05,13.59,37.12,61,12.53
20.75,2.61,51.57,11,13.09
22.46,11.07,59.34,29,10.39
20.05,12.72,31.23,64,11.57
22.68,12.95,41.57,40,11.22
21.47,13.07,56.42,19,8.24
22.04,14.51,56.57,5,9.02
23.05,18.84,43.29,74,13.87
20.15,22.0,37.65,3,3.82
20.97,9.8,54.56,9,8.91
22.69,5.37,56.84,50,14.61
25.15,6.66,33.35,37,12.84
21.79,11.1,32.96,0,7.25
22.89,12.18,47.25,7,10.04
21.84,8.84,51.29,62,13.86
24.91,4.63,42.01,32,17.3
19.38,11.35,51.79,14,8.02
22.14,16.45,37.9,30,8.73
19.56,19.76,23.85,20,3.76
18.24,10.54,40.76,2,7.08
22.45,11.7,45.63,65,13.18
22.21,7.59,42.24,34,10.07
21.57,14.75,33.41,40,8.38
21.84,8.21,26.84,58,14.36
26.65,19.59,39.86,15,8.53
21.61,0.71,53.98,55,15.57
22.77,12.12,57.56,44,11.3
21.03,17.41,56.88,58,6.7
22.44,16.47,36.84,49,9.67
21.64,36.54,33.46,11,12.49
21.38,17.8,49.97,11,7.7
24.73,6.97,51.35,32,15.52
23.77,14.24,49.0,48,12.02
22.21,0.79,24.86,20,15.8
18.54,14.36,36.33,59,9.33
21.46,8.34,44.7,51,12.52
26.05,22.32,49.87,53,10.51
21.65,10.6,52.67,38,11.77
23.65,14.07,46.44,48,9.22
24.16,9.92,48.31,63,16.01
22.33,28.91,45.85,25,8.14
20.74,12.43,51.86,70,11.62
18.35,29.66,48.13,6,10.41
23.03,21.51,45.66,71,10.35
20.78,18.86,42.32,61,7.62
22.26,17.95,45.81,23,7.05
20.13,18.15,49.85,39,6.28
21.6,-0.42,47.67,75,17.82
22.05,12.77,48.81,46,7.54
22.4,21.76,58.43,7,3.44
20.33,14.61,47.65,53,9.79
23.8,3.76,38.51,8,9.75
21.1,14.58,53.84,2,5.24
19.49,28.63,31.34,53,12.02
21.84,24.98,34.19,20,4.63
22.05,14.5,48.36,47,10.22
22.24,22.61,50.16,46,5.16
24.04,12.07,32.55,67,14.06
21.65,1.37,41.17,62,16.69
21.82,7.6,38.94,15,9.93
20.35,27.5,40.13,73,8.76
23.23,12.81,54.44,4,7.71
22.28,13.05,52.07,10,9.43
21.37,12.6,44.81,28,11.44
19.14,30.23,39.54,78,13.78
24.17,28.01,31.5,69,9.91
20.16,32.75,59.2,47,12.03
21.11,13.73,50.92,14,9.54
22.54,17.36,37.93,33,7.92
20.21,2.87,52.2,59,16.79
19.76,26.82,44.3,61,11.41
18.81,5.66,42.13,1,9.77
23.08,16.73,49.35,79,10.9
21.18,6.22,37.59,18,13.7
26.39,10.29,41.56,48,15.99
20.51,8.3,46.21,77,17.31
20.62,10.14,40.01,27,8.89
21.15,10.69,51.69,47,12.09
22.36,10.61,63.69,36,10.81
21.29,21.67,37.46,73,9.37
22.92,6.16,28.35,48,14.68
20.53,16.76,24.98,47,7.86
19.93,24.74,43.5,72,10.59
19.3,10.89,38.37,28,11.83
18.66,9.26,47.08,59,11.91
21.22,13.16,46.33,28,6.64
21.55,24.44,28.97,57,8.08
21.05,16.55,26.85,47,7.4
23.87,10.75,47.96,22,10.06
23.84,18.87,46.35,26,8.6
21.5,6.18,40.74,6,11.99
19.31,20.45,28.43,48,6.29
21.15,18.27,49.71,53,8.09
21.1,12.54,57.72,67,11.57
21.01,8.29,47.78,77,16.65
20.95,7.91,36.53,41,13.39
21.02,19.28,45.45,73,10.39
21.42,24.83,31.34,58,7.83
21.05,9.9,55.58,43,9.81
22.31,18.67,45.82,25,8.55
22.54,-1.7,27.32,22,18.16
20.63,10.32,41.99,72,11.2
23.91,14.75,49.63,7,11.04
20.53,7.72,41.67,52,12.9
19.57,7.51,42.24,13,10.17
22.57,9.66,32.76,70,12.62
20.77,17.34,50.67,6,3.6
22.48,13.5,38.52,8,5.46
18.39,-2.91,23.44,2,14.31
24.09,-1.97,41.29,77,20.63
23.01,10.15,54.81,16,11.28
19.75,18.66,41.13,43,8.48
19.78,-6.98,62.38,45,19.01
24.51,11.0,49.29,57,15.83
20.89,10.79,48.39,27,9.17
20.75,26.11,43.72,13,6.48
18.6,11.92,44.32,8,6.15
21.47,18.06,42.37,25,7.92
21.66,16.13,41.98,1,7.52
23.07,-2.04,50.31,74,19.69
19.9,21.15,35.64,33,4.73
19.72,16.72,34.24,18,7.6
22.68,19.07,33.77,38,6.73
23.51,46.41,65.46,12,14.64
19.64,-1.67,50.3,4,12.34
23.62,28.8,48.04,49,9.82
22.06,12.7,34.42,22,8.34
23.64,17.3,51.23,28,9.42
21.89,14.64,43.83,71,11.22
18.22,11.61,47.14,25,9.08
21.77,10.44,35.23,78,12.98
23.59,17.64,46.6,56,11.77
20.66,2.86,40.76,0,11.02
21.42,21.0,37.34,27,5.74
21.74,11.67,52.34,61,11.16
17.65,5.96,29.62,46,11.91
24.51,11.4,50.65,77,13.67
20.65,25.06,51.84,58,9.77
22.76,10.72,36.2,30,9.91
21.87,17.87,36.8,69,10.0
23.89,9.15,42.77,48,14.19
22.61,21.06,47.82,4,3.05
21.65,20.48,43.47,30,6.22
20.66,29.79,49.34,36,10.86
23.2,13.6,62.63,78,14.2
19.19,20.35,39.92,14,7.4
22.97,15.78,27.85,51,9.33
20.35,25.37,53.26,68,10.81
23.88,9.25,61.83,10,13.31
22.24,20.96,48.93,42,5.6
22.97,13.44,34.12,69,9.87
22.12,14.49,43.76,22,9.28
19.37,15.73,33.81,39,9.13
20.71,17.02,51.43,62,7.24
23.01,14.07,31.49,1,7.18
22.25,16.72,42.0,78,10.36
23.77,27.62,34.96,72,10.67
22.6,22.88,46.27,46,7.0
20.55,21.95,41.34,29,7.85
20.81,11.36,46.77,15,7.39
22.15,7.89,45.22,58,14.62
18.53,22.64,35.13,46,9.34
24.51,22.01,51.27,29,6.99
22.66,26.78,44.51,8,3.67
23.84,10.17,35.11,64,14.66
19.63,13.16,67.41,58,10.1
23.87,1.88,49.76,63,15.96
25.35,11.86,43.47,7,10.65
20.02,22.97,59.15,51,9.71
23.16,11.27,63.42,17,9.75
22.0,20.12,43.55,57,9.49
19.68,13.48,48.47,48,10.89
22.74,17.59,35.12,31,7.99
23.25,5.82,43.53,47,15.5
21.1,15.68,43.01,44,10.33
23.75,-8.93,46.85,53,22.75
19.5,13.5,48.33,45,6.83
19.76,1.96,50.6,30,10.85
22.2,24.65,47.38,36,8.61
22.04,21.22,32.89,15,4.09
20.93,18.73,35.62,45,7.08
23.21,27.17,39.54,45,10.79
22.8,7.41,42.18,77,15.07
23.29,28.98,55.51,60,10.43
21.82,22.46,33.37,45,6.95
22.9,13.11,41.43,50,11.27
21.33,24.08,54.53,61,10.94
25.08,6.15,42.0,34,14.08
20.78,8.4,49.6,41,13.05
25.16,10.13,43.6,44,13.58
22.05,10.77,47.57,67,14.64
19.94,6.55,42.72,74,13.2
24.05,24.78,51.67,46,4.62
22.19,12.93,29.55,78,13.11
23.28,17.82,41.37,29,7.09
23.84,10.44,47.97,23,13.12
22.51,0.44,50.34,65,18.14
21.11,17.16,59.93,42,8.88
23.46,-0.3,41.09,33,16.25
22.0,14.45,59.79,22,8.05
23.03,4.05,38.41,60,16.38
18.77,30.9,58.29,36,13.07
22.67,22.29,53.17,12,4.43
21.04,15.85,35.87,70,10.32
24.48,25.11,48.07,6,5.39
22.93,8.23,44.49,41,11.13
22.36,19.35,51.26,37,9.14
22.73,16.6,42.77,51,9.0
20.5,17.11,41.93,43,9.3
24.43,25.18,58.69,63,8.98
24.99,20.86,44.01,12,3.86
22.59,17.31,53.26,27,8.08
24.39,1.76,42.75,0,15.4
21.15,7.32,61.67,42,12.72
20.8,14.02,38.22,41,9.24
22.06,15.75,38.86,49,8.93
22.65,5.96,60.25,59,16.98
21.41,34.29,40.55,0,8.85
22.81,27.13,61.01,50,11.51
22.46,19.82,53.92,15,7.43
20.5,15.58,43.45,38,10.13
22.78,13.3,26.87,14,8.74
23.3,7.38,44.81,32,12.49
22.26,15.62,46.02,52,10.89
23.73,17.06,56.67,16,9.83
20.17,5.07,60.88,5,13.19
22.7,17.67,38.15,30,5.71
20.24,13.76,53.01,68,14.72
